Tournament,Stage,Match Type,Match Name,Map
Valorant Champions 2024,Group Stage,Opening (B),Gen.G vs Sentinels,Haven
Valorant Champions 2024,Group Stage,Opening (B),Gen.G vs Sentinels,Ascent
Valorant Champions 2024,Group Stage,Opening (B),FunPlus Phoenix vs Team Heretics,Abyss
Valorant Champions 2024,Group Stage,Opening (B),FunPlus Phoenix vs Team Heretics,Bind
Valorant Champions 2024,Group Stage,Opening (B),FunPlus Phoenix vs Team Heretics,Lotus
Valorant Champions 2024,Group Stage,Opening (A),DRX vs KRÜ Esports,Haven
Valorant Champions 2024,Group Stage,Opening (A),DRX vs KRÜ Esports,Abyss
Valorant Champions 2024,Group Stage,Opening (A),DRX vs KRÜ Esports,Bind
Valorant Champions 2024,Group Stage,Opening (A),FNATIC vs Bilibili Gaming,Bind
Valorant Champions 2024,Group Stage,Opening (A),FNATIC vs Bilibili Gaming,Lotus
Valorant Champions 2024,Group Stage,Opening (C),LEVIATÁN vs Talon Esports,Bind
Valorant Champions 2024,Group Stage,Opening (C),LEVIATÁN vs Talon Esports,Ascent
Valorant Champions 2024,Group Stage,Opening (C),Team Vitality vs Trace Esports,Ascent
Valorant Champions 2024,Group Stage,Opening (C),Team Vitality vs Trace Esports,Sunset
Valorant Champions 2024,Group Stage,Opening (C),Team Vitality vs Trace Esports,Bind
Valorant Champions 2024,Group Stage,Opening (D),G2 Esports vs Paper Rex,Icebox
Valorant Champions 2024,Group Stage,Opening (D),G2 Esports vs Paper Rex,Lotus
Valorant Champions 2024,Group Stage,Opening (D),EDward Gaming vs FUT Esports,Lotus
Valorant Champions 2024,Group Stage,Opening (D),EDward Gaming vs FUT Esports,Bind
Valorant Champions 2024,Group Stage,Winner's (B),Gen.G vs Team Heretics,Abyss
Valorant Champions 2024,Group Stage,Winner's (B),Gen.G vs Team Heretics,Lotus
Valorant Champions 2024,Group Stage,Winner's (B),Gen.G vs Team Heretics,Bind
Valorant Champions 2024,Group Stage,Winner's (A),FNATIC vs DRX,Abyss
Valorant Champions 2024,Group Stage,Winner's (A),FNATIC vs DRX,Lotus
Valorant Champions 2024,Group Stage,Winner's (C),LEVIATÁN vs Trace Esports,Bind
Valorant Champions 2024,Group Stage,Winner's (C),LEVIATÁN vs Trace Esports,Sunset
Valorant Champions 2024,Group Stage,Winner's (C),LEVIATÁN vs Trace Esports,Ascent
Valorant Champions 2024,Group Stage,Winner's (D),EDward Gaming vs G2 Esports,Icebox
Valorant Champions 2024,Group Stage,Winner's (D),EDward Gaming vs G2 Esports,Haven
Valorant Champions 2024,Group Stage,Winner's (D),EDward Gaming vs G2 Esports,Bind
Valorant Champions 2024,Group Stage,Elimination (B),Sentinels vs FunPlus Phoenix,Bind
Valorant Champions 2024,Group Stage,Elimination (B),Sentinels vs FunPlus Phoenix,Lotus
Valorant Champions 2024,Group Stage,Elimination (A),Bilibili Gaming vs KRÜ Esports,Lotus
Valorant Champions 2024,Group Stage,Elimination (A),Bilibili Gaming vs KRÜ Esports,Icebox
Valorant Champions 2024,Group Stage,Elimination (C),Talon Esports vs Team Vitality,Lotus
Valorant Champions 2024,Group Stage,Elimination (C),Talon Esports vs Team Vitality,Sunset
Valorant Champions 2024,Group Stage,Elimination (D),FUT Esports vs Paper Rex,Sunset
Valorant Champions 2024,Group Stage,Elimination (D),FUT Esports vs Paper Rex,Bind
Valorant Champions 2024,Group Stage,Decider (B),Gen.G vs Sentinels,Lotus
Valorant Champions 2024,Group Stage,Decider (B),Gen.G vs Sentinels,Icebox
Valorant Champions 2024,Group Stage,Decider (A),FNATIC vs KRÜ Esports,Sunset
Valorant Champions 2024,Group Stage,Decider (A),FNATIC vs KRÜ Esports,Haven
Valorant Champions 2024,Group Stage,Decider (A),FNATIC vs KRÜ Esports,Lotus
Valorant Champions 2024,Group Stage,Decider (C),LEVIATÁN vs Team Vitality,Icebox
Valorant Champions 2024,Group Stage,Decider (C),LEVIATÁN vs Team Vitality,Sunset
Valorant Champions 2024,Group Stage,Decider (D),EDward Gaming vs Paper Rex,Icebox
Valorant Champions 2024,Group Stage,Decider (D),EDward Gaming vs Paper Rex,Sunset
Valorant Champions 2024,Group Stage,Decider (D),EDward Gaming vs Paper Rex,Lotus
Valorant Champions 2024,Playoffs,Upper Quarterfinals,DRX vs Sentinels,Sunset
Valorant Champions 2024,Playoffs,Upper Quarterfinals,DRX vs Sentinels,Haven
Valorant Champions 2024,Playoffs,Upper Quarterfinals,Trace Esports vs EDward Gaming,Bind
Valorant Champions 2024,Playoffs,Upper Quarterfinals,Trace Esports vs EDward Gaming,Sunset
Valorant Champions 2024,Playoffs,Upper Quarterfinals,G2 Esports vs LEVIATÁN,Icebox
Valorant Champions 2024,Playoffs,Upper Quarterfinals,G2 Esports vs LEVIATÁN,Abyss
Valorant Champions 2024,Playoffs,Upper Quarterfinals,Team Heretics vs FNATIC,Lotus
Valorant Champions 2024,Playoffs,Upper Quarterfinals,Team Heretics vs FNATIC,Abyss
Valorant Champions 2024,Playoffs,Lower Round 1,DRX vs Trace Esports,Lotus
Valorant Champions 2024,Playoffs,Lower Round 1,DRX vs Trace Esports,Abyss
Valorant Champions 2024,Playoffs,Lower Round 1,G2 Esports vs FNATIC,Haven
Valorant Champions 2024,Playoffs,Lower Round 1,G2 Esports vs FNATIC,Bind
Valorant Champions 2024,Playoffs,Upper Semifinals,Sentinels vs EDward Gaming,Haven
Valorant Champions 2024,Playoffs,Upper Semifinals,Sentinels vs EDward Gaming,Lotus
Valorant Champions 2024,Playoffs,Upper Semifinals,Sentinels vs EDward Gaming,Sunset
Valorant Champions 2024,Playoffs,Upper Semifinals,LEVIATÁN vs Team Heretics,Icebox
Valorant Champions 2024,Playoffs,Upper Semifinals,LEVIATÁN vs Team Heretics,Lotus
Valorant Champions 2024,Playoffs,Lower Round 2,Sentinels vs FNATIC,Sunset
Valorant Champions 2024,Playoffs,Lower Round 2,Sentinels vs FNATIC,Bind
Valorant Champions 2024,Playoffs,Lower Round 2,Sentinels vs FNATIC,Lotus
Valorant Champions 2024,Playoffs,Lower Round 2,Team Heretics vs DRX,Abyss
Valorant Champions 2024,Playoffs,Lower Round 2,Team Heretics vs DRX,Sunset
Valorant Champions 2024,Playoffs,Lower Round 2,Team Heretics vs DRX,Icebox
Valorant Champions 2024,Playoffs,Upper Final,EDward Gaming vs LEVIATÁN,Icebox
Valorant Champions 2024,Playoffs,Upper Final,EDward Gaming vs LEVIATÁN,Lotus
Valorant Champions 2024,Playoffs,Upper Final,EDward Gaming vs LEVIATÁN,Abyss
Valorant Champions 2024,Playoffs,Lower Round 3,Team Heretics vs Sentinels,Haven
Valorant Champions 2024,Playoffs,Lower Round 3,Team Heretics vs Sentinels,Icebox
Valorant Champions 2024,Playoffs,Lower Round 3,Team Heretics vs Sentinels,Abyss
Valorant Champions 2024,Playoffs,Lower Final,LEVIATÁN vs Team Heretics,Icebox
Valorant Champions 2024,Playoffs,Lower Final,LEVIATÁN vs Team Heretics,Sunset
Valorant Champions 2024,Playoffs,Lower Final,LEVIATÁN vs Team Heretics,Abyss
Valorant Champions 2024,Playoffs,Lower Final,LEVIATÁN vs Team Heretics,Lotus
Valorant Champions 2024,Playoffs,Grand Final,EDward Gaming vs Team Heretics,Haven
Valorant Champions 2024,Playoffs,Grand Final,EDward Gaming vs Team Heretics,Sunset
Valorant Champions 2024,Playoffs,Grand Final,EDward Gaming vs Team Heretics,Lotus
Valorant Champions 2024,Playoffs,Grand Final,EDward Gaming vs Team Heretics,Bind
Valorant Champions 2024,Playoffs,Grand Final,EDward Gaming vs Team Heretics,Abyss
Champions Tour 2024: Americas Stage 2,Regular Season,Week 1,MIBR vs LEVIATÁN,Ascent
Champions Tour 2024: Americas Stage 2,Regular Season,Week 1,MIBR vs LEVIATÁN,Icebox
Champions Tour 2024: Americas Stage 2,Regular Season,Week 1,Sentinels vs NRG Esports,Lotus
Champions Tour 2024: Americas Stage 2,Regular Season,Week 1,Sentinels vs NRG Esports,Sunset
Champions Tour 2024: Americas Stage 2,Regular Season,Week 1,FURIA vs 100 Thieves,Icebox
Champions Tour 2024: Americas Stage 2,Regular Season,Week 1,FURIA vs 100 Thieves,Haven
Champions Tour 2024: Americas Stage 2,Regular Season,Week 1,LOUD vs Evil Geniuses,Lotus
Champions Tour 2024: Americas Stage 2,Regular Season,Week 1,LOUD vs Evil Geniuses,Sunset
Champions Tour 2024: Americas Stage 2,Regular Season,Week 1,LOUD vs Evil Geniuses,Icebox
Champions Tour 2024: Americas Stage 2,Regular Season,Week 1,G2 Esports vs Cloud9,Ascent
Champions Tour 2024: Americas Stage 2,Regular Season,Week 1,G2 Esports vs Cloud9,Icebox
Champions Tour 2024: Americas Stage 2,Regular Season,Week 1,G2 Esports vs Cloud9,Lotus
Champions Tour 2024: Americas Stage 2,Regular Season,Week 2,Evil Geniuses vs FURIA,Bind
Champions Tour 2024: Americas Stage 2,Regular Season,Week 2,Evil Geniuses vs FURIA,Lotus
Champions Tour 2024: Americas Stage 2,Regular Season,Week 2,Sentinels vs KRÜ Esports,Lotus
Champions Tour 2024: Americas Stage 2,Regular Season,Week 2,Sentinels vs KRÜ Esports,Split
Champions Tour 2024: Americas Stage 2,Regular Season,Week 2,LOUD vs MIBR,Ascent
Champions Tour 2024: Americas Stage 2,Regular Season,Week 2,LOUD vs MIBR,Lotus
Champions Tour 2024: Americas Stage 2,Regular Season,Week 2,LOUD vs MIBR,Sunset
Champions Tour 2024: Americas Stage 2,Regular Season,Week 2,LEVIATÁN vs 100 Thieves,Bind
Champions Tour 2024: Americas Stage 2,Regular Season,Week 2,LEVIATÁN vs 100 Thieves,Haven
Champions Tour 2024: Americas Stage 2,Regular Season,Week 2,NRG Esports vs G2 Esports,Haven
Champions Tour 2024: Americas Stage 2,Regular Season,Week 2,NRG Esports vs G2 Esports,Bind
Champions Tour 2024: Americas Stage 2,Regular Season,Week 2,Sentinels vs Cloud9,Haven
Champions Tour 2024: Americas Stage 2,Regular Season,Week 2,Sentinels vs Cloud9,Split
Champions Tour 2024: Americas Stage 2,Regular Season,Week 2,Evil Geniuses vs LEVIATÁN,Icebox
Champions Tour 2024: Americas Stage 2,Regular Season,Week 2,Evil Geniuses vs LEVIATÁN,Sunset
Champions Tour 2024: Americas Stage 2,Regular Season,Week 2,LOUD vs FURIA,Haven
Champions Tour 2024: Americas Stage 2,Regular Season,Week 2,LOUD vs FURIA,Icebox
Champions Tour 2024: Americas Stage 2,Regular Season,Week 2,LOUD vs FURIA,Bind
Champions Tour 2024: Americas Stage 2,Regular Season,Week 2,MIBR vs 100 Thieves,Icebox
Champions Tour 2024: Americas Stage 2,Regular Season,Week 2,MIBR vs 100 Thieves,Split
Champions Tour 2024: Americas Stage 2,Regular Season,Week 2,NRG Esports vs KRÜ Esports,Split
Champions Tour 2024: Americas Stage 2,Regular Season,Week 2,NRG Esports vs KRÜ Esports,Ascent
Champions Tour 2024: Americas Stage 2,Regular Season,Week 2,NRG Esports vs KRÜ Esports,Sunset
Champions Tour 2024: Americas Stage 2,Regular Season,Week 3,G2 Esports vs KRÜ Esports,Lotus
Champions Tour 2024: Americas Stage 2,Regular Season,Week 3,G2 Esports vs KRÜ Esports,Ascent
Champions Tour 2024: Americas Stage 2,Regular Season,Week 3,G2 Esports vs KRÜ Esports,Split
Champions Tour 2024: Americas Stage 2,Regular Season,Week 3,LOUD vs LEVIATÁN,Lotus
Champions Tour 2024: Americas Stage 2,Regular Season,Week 3,LOUD vs LEVIATÁN,Icebox
Champions Tour 2024: Americas Stage 2,Regular Season,Week 3,MIBR vs FURIA,Sunset
Champions Tour 2024: Americas Stage 2,Regular Season,Week 3,MIBR vs FURIA,Icebox
Champions Tour 2024: Americas Stage 2,Regular Season,Week 3,NRG Esports vs Cloud9,Ascent
Champions Tour 2024: Americas Stage 2,Regular Season,Week 3,NRG Esports vs Cloud9,Icebox
Champions Tour 2024: Americas Stage 2,Regular Season,Week 3,NRG Esports vs Cloud9,Sunset
Champions Tour 2024: Americas Stage 2,Regular Season,Week 3,Evil Geniuses vs 100 Thieves,Lotus
Champions Tour 2024: Americas Stage 2,Regular Season,Week 3,Evil Geniuses vs 100 Thieves,Bind
Champions Tour 2024: Americas Stage 2,Regular Season,Week 3,Evil Geniuses vs 100 Thieves,Ascent
Champions Tour 2024: Americas Stage 2,Regular Season,Week 4,Cloud9 vs KRÜ Esports,Icebox
Champions Tour 2024: Americas Stage 2,Regular Season,Week 4,Cloud9 vs KRÜ Esports,Split
Champions Tour 2024: Americas Stage 2,Regular Season,Week 4,Evil Geniuses vs MIBR,Bind
Champions Tour 2024: Americas Stage 2,Regular Season,Week 4,Evil Geniuses vs MIBR,Lotus
Champions Tour 2024: Americas Stage 2,Regular Season,Week 4,LEVIATÁN vs FURIA,Sunset
Champions Tour 2024: Americas Stage 2,Regular Season,Week 4,LEVIATÁN vs FURIA,Icebox
Champions Tour 2024: Americas Stage 2,Regular Season,Week 4,LOUD vs 100 Thieves,Ascent
Champions Tour 2024: Americas Stage 2,Regular Season,Week 4,LOUD vs 100 Thieves,Bind
Champions Tour 2024: Americas Stage 2,Regular Season,Week 4,LOUD vs 100 Thieves,Lotus
Champions Tour 2024: Americas Stage 2,Regular Season,Week 4,Sentinels vs G2 Esports,Bind
Champions Tour 2024: Americas Stage 2,Regular Season,Week 4,Sentinels vs G2 Esports,Lotus
Champions Tour 2024: Americas Stage 2,Playoffs,Knockout Round,KRÜ Esports vs Cloud9,Abyss
Champions Tour 2024: Americas Stage 2,Playoffs,Knockout Round,KRÜ Esports vs Cloud9,Lotus
Champions Tour 2024: Americas Stage 2,Playoffs,Knockout Round,KRÜ Esports vs Cloud9,Haven
Champions Tour 2024: Americas Stage 2,Playoffs,Knockout Round,Sentinels vs 100 Thieves,Haven
Champions Tour 2024: Americas Stage 2,Playoffs,Knockout Round,Sentinels vs 100 Thieves,Ascent
Champions Tour 2024: Americas Stage 2,Playoffs,Upper Semifinals,LEVIATÁN vs KRÜ Esports,Icebox
Champions Tour 2024: Americas Stage 2,Playoffs,Upper Semifinals,LEVIATÁN vs KRÜ Esports,Sunset
Champions Tour 2024: Americas Stage 2,Playoffs,Upper Semifinals,G2 Esports vs 100 Thieves,Lotus
Champions Tour 2024: Americas Stage 2,Playoffs,Upper Semifinals,G2 Esports vs 100 Thieves,Abyss
Champions Tour 2024: Americas Stage 2,Playoffs,Upper Final,LEVIATÁN vs G2 Esports,Icebox
Champions Tour 2024: Americas Stage 2,Playoffs,Upper Final,LEVIATÁN vs G2 Esports,Bind
Champions Tour 2024: Americas Stage 2,Playoffs,Lower Round 1,KRÜ Esports vs 100 Thieves,Icebox
Champions Tour 2024: Americas Stage 2,Playoffs,Lower Round 1,KRÜ Esports vs 100 Thieves,Lotus
Champions Tour 2024: Americas Stage 2,Playoffs,Lower Round 1,KRÜ Esports vs 100 Thieves,Ascent
Champions Tour 2024: Americas Stage 2,Playoffs,Lower Final,LEVIATÁN vs KRÜ Esports,Icebox
Champions Tour 2024: Americas Stage 2,Playoffs,Lower Final,LEVIATÁN vs KRÜ Esports,Haven
Champions Tour 2024: Americas Stage 2,Playoffs,Lower Final,LEVIATÁN vs KRÜ Esports,Sunset
Champions Tour 2024: Americas Stage 2,Playoffs,Lower Final,LEVIATÁN vs KRÜ Esports,Abyss
Champions Tour 2024: Americas Stage 2,Playoffs,Lower Final,LEVIATÁN vs KRÜ Esports,Ascent
Champions Tour 2024: Americas Stage 2,Playoffs,Grand Final,G2 Esports vs LEVIATÁN,Lotus
Champions Tour 2024: Americas Stage 2,Playoffs,Grand Final,G2 Esports vs LEVIATÁN,Haven
Champions Tour 2024: Americas Stage 2,Playoffs,Grand Final,G2 Esports vs LEVIATÁN,Bind
Champions Tour 2024: Americas Stage 2,Playoffs,Grand Final,G2 Esports vs LEVIATÁN,Ascent
Champions Tour 2024: China Stage 2,Regular Season,Week 1,Titan Esports Club vs JDG Esports,Icebox
Champions Tour 2024: China Stage 2,Regular Season,Week 1,Titan Esports Club vs JDG Esports,Lotus
Champions Tour 2024: China Stage 2,Regular Season,Week 1,All Gamers vs TYLOO,Sunset
Champions Tour 2024: China Stage 2,Regular Season,Week 1,All Gamers vs TYLOO,Icebox
Champions Tour 2024: China Stage 2,Regular Season,Week 1,Bilibili Gaming vs Wolves Esports,Sunset
Champions Tour 2024: China Stage 2,Regular Season,Week 1,Bilibili Gaming vs Wolves Esports,Bind
Champions Tour 2024: China Stage 2,Regular Season,Week 2,Dragon Ranger Gaming vs Nova Esports,Ascent
Champions Tour 2024: China Stage 2,Regular Season,Week 2,Dragon Ranger Gaming vs Nova Esports,Lotus
Champions Tour 2024: China Stage 2,Regular Season,Week 2,Dragon Ranger Gaming vs Nova Esports,Sunset
Champions Tour 2024: China Stage 2,Regular Season,Week 2,FunPlus Phoenix vs Trace Esports,Haven
Champions Tour 2024: China Stage 2,Regular Season,Week 2,FunPlus Phoenix vs Trace Esports,Lotus
Champions Tour 2024: China Stage 2,Regular Season,Week 2,FunPlus Phoenix vs Trace Esports,Sunset
Champions Tour 2024: China Stage 2,Regular Season,Week 2,Titan Esports Club vs All Gamers,Sunset
Champions Tour 2024: China Stage 2,Regular Season,Week 2,Titan Esports Club vs All Gamers,Icebox
Champions Tour 2024: China Stage 2,Regular Season,Week 2,EDward Gaming vs Wolves Esports,Split
Champions Tour 2024: China Stage 2,Regular Season,Week 2,EDward Gaming vs Wolves Esports,Bind
Champions Tour 2024: China Stage 2,Regular Season,Week 2,EDward Gaming vs Wolves Esports,Icebox
Champions Tour 2024: China Stage 2,Regular Season,Week 2,TYLOO vs Trace Esports,Split
Champions Tour 2024: China Stage 2,Regular Season,Week 2,TYLOO vs Trace Esports,Sunset
Champions Tour 2024: China Stage 2,Regular Season,Week 2,TYLOO vs Trace Esports,Haven
Champions Tour 2024: China Stage 2,Regular Season,Week 2,Nova Esports vs Bilibili Gaming,Split
Champions Tour 2024: China Stage 2,Regular Season,Week 2,Nova Esports vs Bilibili Gaming,Bind
Champions Tour 2024: China Stage 2,Regular Season,Week 2,Nova Esports vs Bilibili Gaming,Ascent
Champions Tour 2024: China Stage 2,Regular Season,Week 3,JDG Esports vs FunPlus Phoenix,Sunset
Champions Tour 2024: China Stage 2,Regular Season,Week 3,JDG Esports vs FunPlus Phoenix,Haven
Champions Tour 2024: China Stage 2,Regular Season,Week 3,EDward Gaming vs Dragon Ranger Gaming,Lotus
Champions Tour 2024: China Stage 2,Regular Season,Week 3,EDward Gaming vs Dragon Ranger Gaming,Haven
Champions Tour 2024: China Stage 2,Regular Season,Week 3,Nova Esports vs Wolves Esports,Icebox
Champions Tour 2024: China Stage 2,Regular Season,Week 3,Nova Esports vs Wolves Esports,Sunset
Champions Tour 2024: China Stage 2,Regular Season,Week 3,JDG Esports vs Trace Esports,Bind
Champions Tour 2024: China Stage 2,Regular Season,Week 3,JDG Esports vs Trace Esports,Sunset
Champions Tour 2024: China Stage 2,Regular Season,Week 3,JDG Esports vs Trace Esports,Haven
Champions Tour 2024: China Stage 2,Regular Season,Week 3,Titan Esports Club vs TYLOO,Bind
Champions Tour 2024: China Stage 2,Regular Season,Week 3,Titan Esports Club vs TYLOO,Ascent
Champions Tour 2024: China Stage 2,Regular Season,Week 3,Titan Esports Club vs TYLOO,Icebox
Champions Tour 2024: China Stage 2,Regular Season,Week 3,All Gamers vs FunPlus Phoenix,Sunset
Champions Tour 2024: China Stage 2,Regular Season,Week 3,All Gamers vs FunPlus Phoenix,Haven
Champions Tour 2024: China Stage 2,Regular Season,Week 3,All Gamers vs FunPlus Phoenix,Ascent
Champions Tour 2024: China Stage 2,Regular Season,Week 3,Bilibili Gaming vs Dragon Ranger Gaming,Lotus
Champions Tour 2024: China Stage 2,Regular Season,Week 3,Bilibili Gaming vs Dragon Ranger Gaming,Ascent
Champions Tour 2024: China Stage 2,Regular Season,Week 3,EDward Gaming vs Nova Esports,Lotus
Champions Tour 2024: China Stage 2,Regular Season,Week 3,EDward Gaming vs Nova Esports,Bind
Champions Tour 2024: China Stage 2,Regular Season,Week 4,All Gamers vs Trace Esports,Haven
Champions Tour 2024: China Stage 2,Regular Season,Week 4,All Gamers vs Trace Esports,Sunset
Champions Tour 2024: China Stage 2,Regular Season,Week 4,Titan Esports Club vs FunPlus Phoenix,Lotus
Champions Tour 2024: China Stage 2,Regular Season,Week 4,Titan Esports Club vs FunPlus Phoenix,Sunset
Champions Tour 2024: China Stage 2,Regular Season,Week 4,TYLOO vs JDG Esports,Haven
Champions Tour 2024: China Stage 2,Regular Season,Week 4,TYLOO vs JDG Esports,Icebox
Champions Tour 2024: China Stage 2,Regular Season,Week 4,Dragon Ranger Gaming vs Wolves Esports,Icebox
Champions Tour 2024: China Stage 2,Regular Season,Week 4,Dragon Ranger Gaming vs Wolves Esports,Ascent
Champions Tour 2024: China Stage 2,Regular Season,Week 4,Trace Esports vs Titan Esports Club,Lotus
Champions Tour 2024: China Stage 2,Regular Season,Week 4,Trace Esports vs Titan Esports Club,Bind
Champions Tour 2024: China Stage 2,Regular Season,Week 4,Trace Esports vs Titan Esports Club,Haven
Champions Tour 2024: China Stage 2,Regular Season,Week 4,EDward Gaming vs Bilibili Gaming,Icebox
Champions Tour 2024: China Stage 2,Regular Season,Week 4,EDward Gaming vs Bilibili Gaming,Haven
Champions Tour 2024: China Stage 2,Regular Season,Week 4,JDG Esports vs All Gamers,Haven
Champions Tour 2024: China Stage 2,Regular Season,Week 4,JDG Esports vs All Gamers,Icebox
Champions Tour 2024: China Stage 2,Regular Season,Week 4,TYLOO vs FunPlus Phoenix,Icebox
Champions Tour 2024: China Stage 2,Regular Season,Week 4,TYLOO vs FunPlus Phoenix,Haven
Champions Tour 2024: China Stage 2,Regular Season,Week 4,TYLOO vs FunPlus Phoenix,Ascent
Champions Tour 2024: China Stage 2,Playoffs,Knockout Round,Trace Esports vs All Gamers,Lotus
Champions Tour 2024: China Stage 2,Playoffs,Knockout Round,Trace Esports vs All Gamers,Sunset
Champions Tour 2024: China Stage 2,Playoffs,Knockout Round,JDG Esports vs Bilibili Gaming,Sunset
Champions Tour 2024: China Stage 2,Playoffs,Knockout Round,JDG Esports vs Bilibili Gaming,Icebox
Champions Tour 2024: China Stage 2,Playoffs,Upper Semifinals,FunPlus Phoenix vs Trace Esports,Ascent
Champions Tour 2024: China Stage 2,Playoffs,Upper Semifinals,FunPlus Phoenix vs Trace Esports,Haven
Champions Tour 2024: China Stage 2,Playoffs,Upper Semifinals,EDward Gaming vs Bilibili Gaming,Sunset
Champions Tour 2024: China Stage 2,Playoffs,Upper Semifinals,EDward Gaming vs Bilibili Gaming,Bind
Champions Tour 2024: China Stage 2,Playoffs,Upper Semifinals,EDward Gaming vs Bilibili Gaming,Lotus
Champions Tour 2024: China Stage 2,Playoffs,Upper Final,Trace Esports vs EDward Gaming,Sunset
Champions Tour 2024: China Stage 2,Playoffs,Upper Final,Trace Esports vs EDward Gaming,Abyss
Champions Tour 2024: China Stage 2,Playoffs,Lower Round 1,FunPlus Phoenix vs Bilibili Gaming,Ascent
Champions Tour 2024: China Stage 2,Playoffs,Lower Round 1,FunPlus Phoenix vs Bilibili Gaming,Icebox
Champions Tour 2024: China Stage 2,Playoffs,Lower Round 1,FunPlus Phoenix vs Bilibili Gaming,Lotus
Champions Tour 2024: China Stage 2,Playoffs,Lower Final,Trace Esports vs FunPlus Phoenix,Lotus
Champions Tour 2024: China Stage 2,Playoffs,Lower Final,Trace Esports vs FunPlus Phoenix,Ascent
Champions Tour 2024: China Stage 2,Playoffs,Lower Final,Trace Esports vs FunPlus Phoenix,Abyss
Champions Tour 2024: China Stage 2,Playoffs,Lower Final,Trace Esports vs FunPlus Phoenix,Bind
Champions Tour 2024: China Stage 2,Playoffs,Lower Final,Trace Esports vs FunPlus Phoenix,Haven
Champions Tour 2024: China Stage 2,Playoffs,Grand Final,EDward Gaming vs FunPlus Phoenix,Sunset
Champions Tour 2024: China Stage 2,Playoffs,Grand Final,EDward Gaming vs FunPlus Phoenix,Abyss
Champions Tour 2024: China Stage 2,Playoffs,Grand Final,EDward Gaming vs FunPlus Phoenix,Haven
Champions Tour 2024: China Stage 2,Playoffs,Grand Final,EDward Gaming vs FunPlus Phoenix,Icebox
Champions Tour 2024: China Stage 2,Playoffs,Grand Final,EDward Gaming vs FunPlus Phoenix,Bind
Champions Tour 2024: Pacific Stage 2,Regular Season,Week 1,ZETA DIVISION vs DRX,Icebox
Champions Tour 2024: Pacific Stage 2,Regular Season,Week 1,ZETA DIVISION vs DRX,Sunset
Champions Tour 2024: Pacific Stage 2,Regular Season,Week 1,ZETA DIVISION vs DRX,Breeze
Champions Tour 2024: Pacific Stage 2,Regular Season,Week 1,Team Secret vs BLEED,Ascent
Champions Tour 2024: Pacific Stage 2,Regular Season,Week 1,Team Secret vs BLEED,Sunset
Champions Tour 2024: Pacific Stage 2,Regular Season,Week 1,Team Secret vs BLEED,Split
Champions Tour 2024: Pacific Stage 2,Regular Season,Week 1,T1 vs Gen.G,Split
Champions Tour 2024: Pacific Stage 2,Regular Season,Week 1,T1 vs Gen.G,Lotus
Champions Tour 2024: Pacific Stage 2,Regular Season,Week 1,T1 vs Gen.G,Sunset
Champions Tour 2024: Pacific Stage 2,Regular Season,Week 1,Paper Rex vs Talon Esports,Icebox
Champions Tour 2024: Pacific Stage 2,Regular Season,Week 1,Paper Rex vs Talon Esports,Sunset
Champions Tour 2024: Pacific Stage 2,Regular Season,Week 1,Rex Regum Qeon vs DetonatioN FocusMe,Icebox
Champions Tour 2024: Pacific Stage 2,Regular Season,Week 1,Rex Regum Qeon vs DetonatioN FocusMe,Ascent
Champions Tour 2024: Pacific Stage 2,Regular Season,Week 1,Team Secret vs Global Esports,Sunset
Champions Tour 2024: Pacific Stage 2,Regular Season,Week 1,Team Secret vs Global Esports,Ascent
Champions Tour 2024: Pacific Stage 2,Regular Season,Week 2,Talon Esports vs Rex Regum Qeon,Lotus
Champions Tour 2024: Pacific Stage 2,Regular Season,Week 2,Talon Esports vs Rex Regum Qeon,Ascent
Champions Tour 2024: Pacific Stage 2,Regular Season,Week 2,Talon Esports vs Rex Regum Qeon,Icebox
Champions Tour 2024: Pacific Stage 2,Regular Season,Week 2,Paper Rex vs DRX,Split
Champions Tour 2024: Pacific Stage 2,Regular Season,Week 2,Paper Rex vs DRX,Haven
Champions Tour 2024: Pacific Stage 2,Regular Season,Week 2,Paper Rex vs DRX,Icebox
Champions Tour 2024: Pacific Stage 2,Regular Season,Week 2,Global Esports vs BLEED,Lotus
Champions Tour 2024: Pacific Stage 2,Regular Season,Week 2,Global Esports vs BLEED,Sunset
Champions Tour 2024: Pacific Stage 2,Regular Season,Week 2,DetonatioN FocusMe vs ZETA DIVISION,Haven
Champions Tour 2024: Pacific Stage 2,Regular Season,Week 2,DetonatioN FocusMe vs ZETA DIVISION,Sunset
Champions Tour 2024: Pacific Stage 2,Regular Season,Week 2,DetonatioN FocusMe vs ZETA DIVISION,Ascent
Champions Tour 2024: Pacific Stage 2,Regular Season,Week 2,DRX vs Rex Regum Qeon,Split
Champions Tour 2024: Pacific Stage 2,Regular Season,Week 2,DRX vs Rex Regum Qeon,Sunset
Champions Tour 2024: Pacific Stage 2,Regular Season,Week 2,Team Secret vs T1,Haven
Champions Tour 2024: Pacific Stage 2,Regular Season,Week 2,Team Secret vs T1,Split
Champions Tour 2024: Pacific Stage 2,Regular Season,Week 2,Team Secret vs T1,Icebox
Champions Tour 2024: Pacific Stage 2,Regular Season,Week 3,Talon Esports vs DetonatioN FocusMe,Lotus
Champions Tour 2024: Pacific Stage 2,Regular Season,Week 3,Talon Esports vs DetonatioN FocusMe,Sunset
Champions Tour 2024: Pacific Stage 2,Regular Season,Week 3,ZETA DIVISION vs Rex Regum Qeon,Split
Champions Tour 2024: Pacific Stage 2,Regular Season,Week 3,ZETA DIVISION vs Rex Regum Qeon,Sunset
Champions Tour 2024: Pacific Stage 2,Regular Season,Week 3,Global Esports vs T1,Icebox
Champions Tour 2024: Pacific Stage 2,Regular Season,Week 3,Global Esports vs T1,Lotus
Champions Tour 2024: Pacific Stage 2,Regular Season,Week 3,Global Esports vs T1,Ascent
Champions Tour 2024: Pacific Stage 2,Regular Season,Week 3,BLEED vs Gen.G,Ascent
Champions Tour 2024: Pacific Stage 2,Regular Season,Week 3,BLEED vs Gen.G,Sunset
Champions Tour 2024: Pacific Stage 2,Regular Season,Week 3,BLEED vs Gen.G,Icebox
Champions Tour 2024: Pacific Stage 2,Regular Season,Week 3,Paper Rex vs DetonatioN FocusMe,Icebox
Champions Tour 2024: Pacific Stage 2,Regular Season,Week 3,Paper Rex vs DetonatioN FocusMe,Sunset
Champions Tour 2024: Pacific Stage 2,Regular Season,Week 3,DRX vs Talon Esports,Ascent
Champions Tour 2024: Pacific Stage 2,Regular Season,Week 3,DRX vs Talon Esports,Haven
Champions Tour 2024: Pacific Stage 2,Regular Season,Week 3,DRX vs Talon Esports,Icebox
Champions Tour 2024: Pacific Stage 2,Regular Season,Week 4,Paper Rex vs Rex Regum Qeon,Lotus
Champions Tour 2024: Pacific Stage 2,Regular Season,Week 4,Paper Rex vs Rex Regum Qeon,Ascent
Champions Tour 2024: Pacific Stage 2,Regular Season,Week 4,Paper Rex vs Rex Regum Qeon,Sunset
Champions Tour 2024: Pacific Stage 2,Regular Season,Week 4,Gen.G vs Global Esports,Lotus
Champions Tour 2024: Pacific Stage 2,Regular Season,Week 4,Gen.G vs Global Esports,Ascent
Champions Tour 2024: Pacific Stage 2,Regular Season,Week 4,DRX vs DetonatioN FocusMe,Icebox
Champions Tour 2024: Pacific Stage 2,Regular Season,Week 4,DRX vs DetonatioN FocusMe,Ascent
Champions Tour 2024: Pacific Stage 2,Regular Season,Week 4,DRX vs DetonatioN FocusMe,Haven
Champions Tour 2024: Pacific Stage 2,Regular Season,Week 4,ZETA DIVISION vs Talon Esports,Ascent
Champions Tour 2024: Pacific Stage 2,Regular Season,Week 4,ZETA DIVISION vs Talon Esports,Lotus
Champions Tour 2024: Pacific Stage 2,Regular Season,Week 4,ZETA DIVISION vs Talon Esports,Haven
Champions Tour 2024: Pacific Stage 2,Regular Season,Week 4,Gen.G vs Team Secret,Sunset
Champions Tour 2024: Pacific Stage 2,Regular Season,Week 4,Gen.G vs Team Secret,Lotus
Champions Tour 2024: Pacific Stage 2,Regular Season,Week 4,Gen.G vs Team Secret,Split
Champions Tour 2024: Pacific Stage 2,Regular Season,Week 4,Paper Rex vs ZETA DIVISION,Ascent
Champions Tour 2024: Pacific Stage 2,Regular Season,Week 4,Paper Rex vs ZETA DIVISION,Lotus
Champions Tour 2024: Pacific Stage 2,Regular Season,Week 4,Paper Rex vs ZETA DIVISION,Sunset
Champions Tour 2024: Pacific Stage 2,Regular Season,Week 4,T1 vs BLEED,Bind
Champions Tour 2024: Pacific Stage 2,Regular Season,Week 4,T1 vs BLEED,Lotus
Champions Tour 2024: Pacific Stage 2,Regular Season,Week 4,T1 vs BLEED,Ascent
Champions Tour 2024: Pacific Stage 2,Playoffs,Knockout Round,Gen.G vs Rex Regum Qeon,Haven
Champions Tour 2024: Pacific Stage 2,Playoffs,Knockout Round,Gen.G vs Rex Regum Qeon,Bind
Champions Tour 2024: Pacific Stage 2,Playoffs,Knockout Round,Team Secret vs Talon Esports,Lotus
Champions Tour 2024: Pacific Stage 2,Playoffs,Knockout Round,Team Secret vs Talon Esports,Abyss
Champions Tour 2024: Pacific Stage 2,Playoffs,Upper Semifinals,Paper Rex vs Gen.G,Ascent
Champions Tour 2024: Pacific Stage 2,Playoffs,Upper Semifinals,Paper Rex vs Gen.G,Icebox
Champions Tour 2024: Pacific Stage 2,Playoffs,Upper Semifinals,DRX vs Talon Esports,Ascent
Champions Tour 2024: Pacific Stage 2,Playoffs,Upper Semifinals,DRX vs Talon Esports,Abyss
Champions Tour 2024: Pacific Stage 2,Playoffs,Upper Final,Gen.G vs DRX,Haven
Champions Tour 2024: Pacific Stage 2,Playoffs,Upper Final,Gen.G vs DRX,Sunset
Champions Tour 2024: Pacific Stage 2,Playoffs,Upper Final,Gen.G vs DRX,Bind
Champions Tour 2024: Pacific Stage 2,Playoffs,Lower Round 1,Paper Rex vs Talon Esports,Ascent
Champions Tour 2024: Pacific Stage 2,Playoffs,Lower Round 1,Paper Rex vs Talon Esports,Sunset
Champions Tour 2024: Pacific Stage 2,Playoffs,Lower Final,DRX vs Paper Rex,Abyss
Champions Tour 2024: Pacific Stage 2,Playoffs,Lower Final,DRX vs Paper Rex,Lotus
Champions Tour 2024: Pacific Stage 2,Playoffs,Lower Final,DRX vs Paper Rex,Bind
Champions Tour 2024: Pacific Stage 2,Playoffs,Lower Final,DRX vs Paper Rex,Icebox
Champions Tour 2024: Pacific Stage 2,Playoffs,Lower Final,DRX vs Paper Rex,Ascent
Champions Tour 2024: Pacific Stage 2,Playoffs,Grand Final,Gen.G vs DRX,Haven
Champions Tour 2024: Pacific Stage 2,Playoffs,Grand Final,Gen.G vs DRX,Bind
Champions Tour 2024: Pacific Stage 2,Playoffs,Grand Final,Gen.G vs DRX,Lotus
Champions Tour 2024: Pacific Stage 2,Playoffs,Grand Final,Gen.G vs DRX,Icebox
Champions Tour 2024: EMEA Stage 2,Regular Season,Week 1,FUT Esports vs KOI,Split
Champions Tour 2024: EMEA Stage 2,Regular Season,Week 1,FUT Esports vs KOI,Lotus
Champions Tour 2024: EMEA Stage 2,Regular Season,Week 1,FUT Esports vs KOI,Sunset
Champions Tour 2024: EMEA Stage 2,Regular Season,Week 1,BBL Esports vs FNATIC,Ascent
Champions Tour 2024: EMEA Stage 2,Regular Season,Week 1,BBL Esports vs FNATIC,Bind
Champions Tour 2024: EMEA Stage 2,Regular Season,Week 1,BBL Esports vs FNATIC,Lotus
Champions Tour 2024: EMEA Stage 2,Regular Season,Week 1,Team Heretics vs Natus Vincere,Sunset
Champions Tour 2024: EMEA Stage 2,Regular Season,Week 1,Team Heretics vs Natus Vincere,Bind
Champions Tour 2024: EMEA Stage 2,Regular Season,Week 1,GIANTX vs Gentle Mates,Split
Champions Tour 2024: EMEA Stage 2,Regular Season,Week 1,GIANTX vs Gentle Mates,Sunset
Champions Tour 2024: EMEA Stage 2,Regular Season,Week 1,GIANTX vs Gentle Mates,Breeze
Champions Tour 2024: EMEA Stage 2,Regular Season,Week 1,Team Vitality vs Team Liquid,Lotus
Champions Tour 2024: EMEA Stage 2,Regular Season,Week 1,Team Vitality vs Team Liquid,Icebox
Champions Tour 2024: EMEA Stage 2,Regular Season,Week 1,BBL Esports vs Karmine Corp,Lotus
Champions Tour 2024: EMEA Stage 2,Regular Season,Week 1,BBL Esports vs Karmine Corp,Sunset
Champions Tour 2024: EMEA Stage 2,Regular Season,Week 1,Natus Vincere vs FUT Esports,Ascent
Champions Tour 2024: EMEA Stage 2,Regular Season,Week 1,Natus Vincere vs FUT Esports,Lotus
Champions Tour 2024: EMEA Stage 2,Regular Season,Week 2,KOI vs GIANTX,Sunset
Champions Tour 2024: EMEA Stage 2,Regular Season,Week 2,KOI vs GIANTX,Icebox
Champions Tour 2024: EMEA Stage 2,Regular Season,Week 2,Team Heretics vs FUT Esports,Sunset
Champions Tour 2024: EMEA Stage 2,Regular Season,Week 2,Team Heretics vs FUT Esports,Split
Champions Tour 2024: EMEA Stage 2,Regular Season,Week 2,FNATIC vs Team Vitality,Haven
Champions Tour 2024: EMEA Stage 2,Regular Season,Week 2,FNATIC vs Team Vitality,Icebox
Champions Tour 2024: EMEA Stage 2,Regular Season,Week 2,FNATIC vs Team Vitality,Lotus
Champions Tour 2024: EMEA Stage 2,Regular Season,Week 2,BBL Esports vs Team Liquid,Lotus
Champions Tour 2024: EMEA Stage 2,Regular Season,Week 2,BBL Esports vs Team Liquid,Ascent
Champions Tour 2024: EMEA Stage 2,Regular Season,Week 2,Natus Vincere vs GIANTX,Lotus
Champions Tour 2024: EMEA Stage 2,Regular Season,Week 2,Natus Vincere vs GIANTX,Ascent
Champions Tour 2024: EMEA Stage 2,Regular Season,Week 2,KOI vs Gentle Mates,Sunset
Champions Tour 2024: EMEA Stage 2,Regular Season,Week 2,KOI vs Gentle Mates,Split
Champions Tour 2024: EMEA Stage 2,Regular Season,Week 2,FNATIC vs Karmine Corp,Haven
Champions Tour 2024: EMEA Stage 2,Regular Season,Week 2,FNATIC vs Karmine Corp,Lotus
Champions Tour 2024: EMEA Stage 2,Regular Season,Week 3,Team Heretics vs GIANTX,Bind
Champions Tour 2024: EMEA Stage 2,Regular Season,Week 3,Team Heretics vs GIANTX,Split
Champions Tour 2024: EMEA Stage 2,Regular Season,Week 3,Team Heretics vs GIANTX,Haven
Champions Tour 2024: EMEA Stage 2,Regular Season,Week 3,FUT Esports vs Gentle Mates,Sunset
Champions Tour 2024: EMEA Stage 2,Regular Season,Week 3,FUT Esports vs Gentle Mates,Split
Champions Tour 2024: EMEA Stage 2,Regular Season,Week 3,KOI vs Natus Vincere,Split
Champions Tour 2024: EMEA Stage 2,Regular Season,Week 3,KOI vs Natus Vincere,Icebox
Champions Tour 2024: EMEA Stage 2,Regular Season,Week 3,Team Liquid vs Karmine Corp,Bind
Champions Tour 2024: EMEA Stage 2,Regular Season,Week 3,Team Liquid vs Karmine Corp,Sunset
Champions Tour 2024: EMEA Stage 2,Regular Season,Week 3,BBL Esports vs Team Vitality,Ascent
Champions Tour 2024: EMEA Stage 2,Regular Season,Week 3,BBL Esports vs Team Vitality,Sunset
Champions Tour 2024: EMEA Stage 2,Regular Season,Week 3,BBL Esports vs Team Vitality,Lotus
Champions Tour 2024: EMEA Stage 2,Regular Season,Week 3,Team Heretics vs Gentle Mates,Sunset
Champions Tour 2024: EMEA Stage 2,Regular Season,Week 3,Team Heretics vs Gentle Mates,Icebox
Champions Tour 2024: EMEA Stage 2,Regular Season,Week 3,Team Heretics vs Gentle Mates,Lotus
Champions Tour 2024: EMEA Stage 2,Regular Season,Week 4,FUT Esports vs GIANTX,Split
Champions Tour 2024: EMEA Stage 2,Regular Season,Week 4,FUT Esports vs GIANTX,Lotus
Champions Tour 2024: EMEA Stage 2,Regular Season,Week 4,Team Heretics vs KOI,Icebox
Champions Tour 2024: EMEA Stage 2,Regular Season,Week 4,Team Heretics vs KOI,Bind
Champions Tour 2024: EMEA Stage 2,Regular Season,Week 4,Team Heretics vs KOI,Haven
Champions Tour 2024: EMEA Stage 2,Regular Season,Week 4,FNATIC vs Team Liquid,Icebox
Champions Tour 2024: EMEA Stage 2,Regular Season,Week 4,FNATIC vs Team Liquid,Haven
Champions Tour 2024: EMEA Stage 2,Regular Season,Week 4,Natus Vincere vs Gentle Mates,Sunset
Champions Tour 2024: EMEA Stage 2,Regular Season,Week 4,Natus Vincere vs Gentle Mates,Ascent
Champions Tour 2024: EMEA Stage 2,Regular Season,Week 4,Natus Vincere vs Gentle Mates,Split
Champions Tour 2024: EMEA Stage 2,Regular Season,Week 4,Team Vitality vs Karmine Corp,Icebox
Champions Tour 2024: EMEA Stage 2,Regular Season,Week 4,Team Vitality vs Karmine Corp,Lotus
Champions Tour 2024: EMEA Stage 2,Regular Season,Week 4,Team Vitality vs Karmine Corp,Sunset
Champions Tour 2024: EMEA Stage 2,Playoffs,Knockout Round,Team Vitality vs Natus Vincere,Haven
Champions Tour 2024: EMEA Stage 2,Playoffs,Knockout Round,Team Vitality vs Natus Vincere,Sunset
Champions Tour 2024: EMEA Stage 2,Playoffs,Knockout Round,Team Vitality vs Natus Vincere,Ascent
Champions Tour 2024: EMEA Stage 2,Playoffs,Knockout Round,FNATIC vs Karmine Corp,Icebox
Champions Tour 2024: EMEA Stage 2,Playoffs,Knockout Round,FNATIC vs Karmine Corp,Sunset
Champions Tour 2024: EMEA Stage 2,Playoffs,Knockout Round,FNATIC vs Karmine Corp,Lotus
Champions Tour 2024: EMEA Stage 2,Playoffs,Upper Semifinals,Team Heretics vs Team Vitality,Icebox
Champions Tour 2024: EMEA Stage 2,Playoffs,Upper Semifinals,Team Heretics vs Team Vitality,Sunset
Champions Tour 2024: EMEA Stage 2,Playoffs,Upper Semifinals,Team Heretics vs Team Vitality,Bind
Champions Tour 2024: EMEA Stage 2,Playoffs,Upper Semifinals,FUT Esports vs FNATIC,Sunset
Champions Tour 2024: EMEA Stage 2,Playoffs,Upper Semifinals,FUT Esports vs FNATIC,Haven
Champions Tour 2024: EMEA Stage 2,Playoffs,Upper Final,Team Vitality vs FNATIC,Lotus
Champions Tour 2024: EMEA Stage 2,Playoffs,Upper Final,Team Vitality vs FNATIC,Sunset
Champions Tour 2024: EMEA Stage 2,Playoffs,Lower Round 1,Team Heretics vs FUT Esports,Abyss
Champions Tour 2024: EMEA Stage 2,Playoffs,Lower Round 1,Team Heretics vs FUT Esports,Sunset
Champions Tour 2024: EMEA Stage 2,Playoffs,Lower Final,Team Vitality vs Team Heretics,Icebox
Champions Tour 2024: EMEA Stage 2,Playoffs,Lower Final,Team Vitality vs Team Heretics,Sunset
Champions Tour 2024: EMEA Stage 2,Playoffs,Lower Final,Team Vitality vs Team Heretics,Lotus
Champions Tour 2024: EMEA Stage 2,Playoffs,Lower Final,Team Vitality vs Team Heretics,Haven
Champions Tour 2024: EMEA Stage 2,Playoffs,Grand Final,FNATIC vs Team Vitality,Haven
Champions Tour 2024: EMEA Stage 2,Playoffs,Grand Final,FNATIC vs Team Vitality,Ascent
Champions Tour 2024: EMEA Stage 2,Playoffs,Grand Final,FNATIC vs Team Vitality,Lotus
Champions Tour 2024: EMEA Stage 2,Playoffs,Grand Final,FNATIC vs Team Vitality,Bind
Champions Tour 2024: Masters Shanghai,Swiss Stage,Round 1,G2 Esports vs T1,Breeze
Champions Tour 2024: Masters Shanghai,Swiss Stage,Round 1,G2 Esports vs T1,Icebox
Champions Tour 2024: Masters Shanghai,Swiss Stage,Round 1,G2 Esports vs T1,Lotus
Champions Tour 2024: Masters Shanghai,Swiss Stage,Round 1,FunPlus Phoenix vs FUT Esports,Sunset
Champions Tour 2024: Masters Shanghai,Swiss Stage,Round 1,FunPlus Phoenix vs FUT Esports,Lotus
Champions Tour 2024: Masters Shanghai,Swiss Stage,Round 1,FunPlus Phoenix vs FUT Esports,Icebox
Champions Tour 2024: Masters Shanghai,Swiss Stage,Round 1,Gen.G vs LEVIATÁN,Icebox
Champions Tour 2024: Masters Shanghai,Swiss Stage,Round 1,Gen.G vs LEVIATÁN,Lotus
Champions Tour 2024: Masters Shanghai,Swiss Stage,Round 1,Gen.G vs LEVIATÁN,Breeze
Champions Tour 2024: Masters Shanghai,Swiss Stage,Round 1,Team Heretics vs Dragon Ranger Gaming,Icebox
Champions Tour 2024: Masters Shanghai,Swiss Stage,Round 1,Team Heretics vs Dragon Ranger Gaming,Sunset
Champions Tour 2024: Masters Shanghai,Swiss Stage,Round 2,FunPlus Phoenix vs Gen.G,Lotus
Champions Tour 2024: Masters Shanghai,Swiss Stage,Round 2,FunPlus Phoenix vs Gen.G,Sunset
Champions Tour 2024: Masters Shanghai,Swiss Stage,Round 2,FunPlus Phoenix vs Gen.G,Ascent
Champions Tour 2024: Masters Shanghai,Swiss Stage,Round 2,G2 Esports vs Team Heretics,Lotus
Champions Tour 2024: Masters Shanghai,Swiss Stage,Round 2,G2 Esports vs Team Heretics,Bind
Champions Tour 2024: Masters Shanghai,Swiss Stage,Round 2,G2 Esports vs Team Heretics,Split
Champions Tour 2024: Masters Shanghai,Swiss Stage,Round 2,LEVIATÁN vs T1,Breeze
Champions Tour 2024: Masters Shanghai,Swiss Stage,Round 2,LEVIATÁN vs T1,Sunset
Champions Tour 2024: Masters Shanghai,Swiss Stage,Round 2,Dragon Ranger Gaming vs FUT Esports,Bind
Champions Tour 2024: Masters Shanghai,Swiss Stage,Round 2,Dragon Ranger Gaming vs FUT Esports,Ascent
Champions Tour 2024: Masters Shanghai,Swiss Stage,Round 3,FunPlus Phoenix vs Team Heretics,Sunset
Champions Tour 2024: Masters Shanghai,Swiss Stage,Round 3,FunPlus Phoenix vs Team Heretics,Lotus
Champions Tour 2024: Masters Shanghai,Swiss Stage,Round 3,FunPlus Phoenix vs Team Heretics,Icebox
Champions Tour 2024: Masters Shanghai,Swiss Stage,Round 3,FUT Esports vs LEVIATÁN,Sunset
Champions Tour 2024: Masters Shanghai,Swiss Stage,Round 3,FUT Esports vs LEVIATÁN,Lotus
Champions Tour 2024: Masters Shanghai,Swiss Stage,Round 3,FUT Esports vs LEVIATÁN,Bind
Champions Tour 2024: Masters Shanghai,Playoffs,Upper Quarterfinals,100 Thieves vs FUT Esports,Icebox
Champions Tour 2024: Masters Shanghai,Playoffs,Upper Quarterfinals,100 Thieves vs FUT Esports,Bind
Champions Tour 2024: Masters Shanghai,Playoffs,Upper Quarterfinals,FNATIC vs Gen.G,Lotus
Champions Tour 2024: Masters Shanghai,Playoffs,Upper Quarterfinals,FNATIC vs Gen.G,Bind
Champions Tour 2024: Masters Shanghai,Playoffs,Upper Quarterfinals,FNATIC vs Gen.G,Breeze
Champions Tour 2024: Masters Shanghai,Playoffs,Upper Quarterfinals,Paper Rex vs G2 Esports,Split
Champions Tour 2024: Masters Shanghai,Playoffs,Upper Quarterfinals,Paper Rex vs G2 Esports,Lotus
Champions Tour 2024: Masters Shanghai,Playoffs,Upper Quarterfinals,Paper Rex vs G2 Esports,Bind
Champions Tour 2024: Masters Shanghai,Playoffs,Upper Quarterfinals,EDward Gaming vs Team Heretics,Sunset
Champions Tour 2024: Masters Shanghai,Playoffs,Upper Quarterfinals,EDward Gaming vs Team Heretics,Split
Champions Tour 2024: Masters Shanghai,Playoffs,Lower Round 1,FUT Esports vs FNATIC,Split
Champions Tour 2024: Masters Shanghai,Playoffs,Lower Round 1,FUT Esports vs FNATIC,Lotus
Champions Tour 2024: Masters Shanghai,Playoffs,Lower Round 1,FUT Esports vs FNATIC,Ascent
Champions Tour 2024: Masters Shanghai,Playoffs,Lower Round 1,Paper Rex vs EDward Gaming,Bind
Champions Tour 2024: Masters Shanghai,Playoffs,Lower Round 1,Paper Rex vs EDward Gaming,Sunset
Champions Tour 2024: Masters Shanghai,Playoffs,Upper Semifinals,100 Thieves vs Gen.G,Icebox
Champions Tour 2024: Masters Shanghai,Playoffs,Upper Semifinals,100 Thieves vs Gen.G,Ascent
Champions Tour 2024: Masters Shanghai,Playoffs,Upper Semifinals,G2 Esports vs Team Heretics,Icebox
Champions Tour 2024: Masters Shanghai,Playoffs,Upper Semifinals,G2 Esports vs Team Heretics,Ascent
Champions Tour 2024: Masters Shanghai,Playoffs,Upper Semifinals,G2 Esports vs Team Heretics,Lotus
Champions Tour 2024: Masters Shanghai,Playoffs,Lower Round 2,100 Thieves vs Paper Rex,Breeze
Champions Tour 2024: Masters Shanghai,Playoffs,Lower Round 2,100 Thieves vs Paper Rex,Sunset
Champions Tour 2024: Masters Shanghai,Playoffs,Lower Round 2,100 Thieves vs Paper Rex,Icebox
Champions Tour 2024: Masters Shanghai,Playoffs,Lower Round 2,Team Heretics vs FUT Esports,Bind
Champions Tour 2024: Masters Shanghai,Playoffs,Lower Round 2,Team Heretics vs FUT Esports,Sunset
Champions Tour 2024: Masters Shanghai,Playoffs,Upper Final,G2 Esports vs Gen.G,Lotus
Champions Tour 2024: Masters Shanghai,Playoffs,Upper Final,G2 Esports vs Gen.G,Ascent
Champions Tour 2024: Masters Shanghai,Playoffs,Lower Round 3,100 Thieves vs Team Heretics,Bind
Champions Tour 2024: Masters Shanghai,Playoffs,Lower Round 3,100 Thieves vs Team Heretics,Sunset
Champions Tour 2024: Masters Shanghai,Playoffs,Lower Final,G2 Esports vs Team Heretics,Bind
Champions Tour 2024: Masters Shanghai,Playoffs,Lower Final,G2 Esports vs Team Heretics,Icebox
Champions Tour 2024: Masters Shanghai,Playoffs,Lower Final,G2 Esports vs Team Heretics,Lotus
Champions Tour 2024: Masters Shanghai,Playoffs,Grand Final,Gen.G vs Team Heretics,Breeze
Champions Tour 2024: Masters Shanghai,Playoffs,Grand Final,Gen.G vs Team Heretics,Icebox
Champions Tour 2024: Masters Shanghai,Playoffs,Grand Final,Gen.G vs Team Heretics,Ascent
Champions Tour 2024: Masters Shanghai,Playoffs,Grand Final,Gen.G vs Team Heretics,Lotus
Champions Tour 2024: Masters Shanghai,Playoffs,Grand Final,Gen.G vs Team Heretics,Split
Champions Tour 2024: China Stage 1,Regular Season,Week 1,Bilibili Gaming vs TYLOO,Bind
Champions Tour 2024: China Stage 1,Regular Season,Week 1,Bilibili Gaming vs TYLOO,Icebox
Champions Tour 2024: China Stage 1,Regular Season,Week 1,Bilibili Gaming vs TYLOO,Lotus
Champions Tour 2024: China Stage 1,Regular Season,Week 1,Wolves Esports vs Titan Esports Club,Split
Champions Tour 2024: China Stage 1,Regular Season,Week 1,Wolves Esports vs Titan Esports Club,Bind
Champions Tour 2024: China Stage 1,Regular Season,Week 1,Wolves Esports vs Titan Esports Club,Lotus
Champions Tour 2024: China Stage 1,Regular Season,Week 1,Dragon Ranger Gaming vs All Gamers,Icebox
Champions Tour 2024: China Stage 1,Regular Season,Week 1,Dragon Ranger Gaming vs All Gamers,Sunset
Champions Tour 2024: China Stage 1,Regular Season,Week 1,Dragon Ranger Gaming vs All Gamers,Breeze
Champions Tour 2024: China Stage 1,Regular Season,Week 1,EDward Gaming vs JDG Esports,Ascent
Champions Tour 2024: China Stage 1,Regular Season,Week 1,EDward Gaming vs JDG Esports,Bind
Champions Tour 2024: China Stage 1,Regular Season,Week 1,EDward Gaming vs JDG Esports,Split
Champions Tour 2024: China Stage 1,Regular Season,Week 1,Nova Esports vs Trace Esports,Lotus
Champions Tour 2024: China Stage 1,Regular Season,Week 1,Nova Esports vs Trace Esports,Ascent
Champions Tour 2024: China Stage 1,Regular Season,Week 1,FunPlus Phoenix vs Wolves Esports,Ascent
Champions Tour 2024: China Stage 1,Regular Season,Week 1,FunPlus Phoenix vs Wolves Esports,Lotus
Champions Tour 2024: China Stage 1,Regular Season,Week 2,JDG Esports vs Nova Esports,Sunset
Champions Tour 2024: China Stage 1,Regular Season,Week 2,JDG Esports vs Nova Esports,Bind
Champions Tour 2024: China Stage 1,Regular Season,Week 2,JDG Esports vs Nova Esports,Ascent
Champions Tour 2024: China Stage 1,Regular Season,Week 2,FunPlus Phoenix vs Dragon Ranger Gaming,Breeze
Champions Tour 2024: China Stage 1,Regular Season,Week 2,FunPlus Phoenix vs Dragon Ranger Gaming,Icebox
Champions Tour 2024: China Stage 1,Regular Season,Week 2,FunPlus Phoenix vs Dragon Ranger Gaming,Sunset
Champions Tour 2024: China Stage 1,Regular Season,Week 2,All Gamers vs Wolves Esports,Breeze
Champions Tour 2024: China Stage 1,Regular Season,Week 2,All Gamers vs Wolves Esports,Icebox
Champions Tour 2024: China Stage 1,Regular Season,Week 2,Trace Esports vs Bilibili Gaming,Split
Champions Tour 2024: China Stage 1,Regular Season,Week 2,Trace Esports vs Bilibili Gaming,Breeze
Champions Tour 2024: China Stage 1,Regular Season,Week 2,Trace Esports vs Bilibili Gaming,Bind
Champions Tour 2024: China Stage 1,Regular Season,Week 2,Dragon Ranger Gaming vs Titan Esports Club,Breeze
Champions Tour 2024: China Stage 1,Regular Season,Week 2,Dragon Ranger Gaming vs Titan Esports Club,Split
Champions Tour 2024: China Stage 1,Regular Season,Week 2,Dragon Ranger Gaming vs Titan Esports Club,Icebox
Champions Tour 2024: China Stage 1,Regular Season,Week 2,TYLOO vs EDward Gaming,Sunset
Champions Tour 2024: China Stage 1,Regular Season,Week 2,TYLOO vs EDward Gaming,Bind
Champions Tour 2024: China Stage 1,Regular Season,Week 3,Wolves Esports vs Trace Esports,Ascent
Champions Tour 2024: China Stage 1,Regular Season,Week 3,Wolves Esports vs Trace Esports,Lotus
Champions Tour 2024: China Stage 1,Regular Season,Week 3,Nova Esports vs FunPlus Phoenix,Ascent
Champions Tour 2024: China Stage 1,Regular Season,Week 3,Nova Esports vs FunPlus Phoenix,Lotus
Champions Tour 2024: China Stage 1,Regular Season,Week 3,Bilibili Gaming vs All Gamers,Lotus
Champions Tour 2024: China Stage 1,Regular Season,Week 3,Bilibili Gaming vs All Gamers,Bind
Champions Tour 2024: China Stage 1,Regular Season,Week 3,Dragon Ranger Gaming vs JDG Esports,Breeze
Champions Tour 2024: China Stage 1,Regular Season,Week 3,Dragon Ranger Gaming vs JDG Esports,Icebox
Champions Tour 2024: China Stage 1,Regular Season,Week 3,Dragon Ranger Gaming vs JDG Esports,Bind
Champions Tour 2024: China Stage 1,Regular Season,Week 3,TYLOO vs Nova Esports,Icebox
Champions Tour 2024: China Stage 1,Regular Season,Week 3,TYLOO vs Nova Esports,Ascent
Champions Tour 2024: China Stage 1,Regular Season,Week 3,TYLOO vs Nova Esports,Split
Champions Tour 2024: China Stage 1,Regular Season,Week 3,EDward Gaming vs Titan Esports Club,Ascent
Champions Tour 2024: China Stage 1,Regular Season,Week 3,EDward Gaming vs Titan Esports Club,Sunset
Champions Tour 2024: China Stage 1,Regular Season,Week 4,Titan Esports Club vs Bilibili Gaming,Sunset
Champions Tour 2024: China Stage 1,Regular Season,Week 4,Titan Esports Club vs Bilibili Gaming,Bind
Champions Tour 2024: China Stage 1,Regular Season,Week 4,Titan Esports Club vs Bilibili Gaming,Icebox
Champions Tour 2024: China Stage 1,Regular Season,Week 4,Trace Esports vs Dragon Ranger Gaming,Breeze
Champions Tour 2024: China Stage 1,Regular Season,Week 4,Trace Esports vs Dragon Ranger Gaming,Sunset
Champions Tour 2024: China Stage 1,Regular Season,Week 4,TYLOO vs Wolves Esports,Sunset
Champions Tour 2024: China Stage 1,Regular Season,Week 4,TYLOO vs Wolves Esports,Split
Champions Tour 2024: China Stage 1,Regular Season,Week 4,TYLOO vs Wolves Esports,Ascent
Champions Tour 2024: China Stage 1,Regular Season,Week 4,FunPlus Phoenix vs EDward Gaming,Breeze
Champions Tour 2024: China Stage 1,Regular Season,Week 4,FunPlus Phoenix vs EDward Gaming,Bind
Champions Tour 2024: China Stage 1,Regular Season,Week 4,FunPlus Phoenix vs EDward Gaming,Ascent
Champions Tour 2024: China Stage 1,Regular Season,Week 4,All Gamers vs Nova Esports,Lotus
Champions Tour 2024: China Stage 1,Regular Season,Week 4,All Gamers vs Nova Esports,Bind
Champions Tour 2024: China Stage 1,Regular Season,Week 4,All Gamers vs Nova Esports,Split
Champions Tour 2024: China Stage 1,Regular Season,Week 4,Bilibili Gaming vs JDG Esports,Icebox
Champions Tour 2024: China Stage 1,Regular Season,Week 4,Bilibili Gaming vs JDG Esports,Lotus
Champions Tour 2024: China Stage 1,Regular Season,Week 5,EDward Gaming vs All Gamers,Sunset
Champions Tour 2024: China Stage 1,Regular Season,Week 5,EDward Gaming vs All Gamers,Icebox
Champions Tour 2024: China Stage 1,Regular Season,Week 5,Wolves Esports vs JDG Esports,Lotus
Champions Tour 2024: China Stage 1,Regular Season,Week 5,Wolves Esports vs JDG Esports,Ascent
Champions Tour 2024: China Stage 1,Regular Season,Week 5,Dragon Ranger Gaming vs TYLOO,Bind
Champions Tour 2024: China Stage 1,Regular Season,Week 5,Dragon Ranger Gaming vs TYLOO,Breeze
Champions Tour 2024: China Stage 1,Regular Season,Week 5,Bilibili Gaming vs FunPlus Phoenix,Icebox
Champions Tour 2024: China Stage 1,Regular Season,Week 5,Bilibili Gaming vs FunPlus Phoenix,Lotus
Champions Tour 2024: China Stage 1,Regular Season,Week 5,Nova Esports vs Titan Esports Club,Split
Champions Tour 2024: China Stage 1,Regular Season,Week 5,Nova Esports vs Titan Esports Club,Lotus
Champions Tour 2024: China Stage 1,Regular Season,Week 5,Trace Esports vs EDward Gaming,Sunset
Champions Tour 2024: China Stage 1,Regular Season,Week 5,Trace Esports vs EDward Gaming,Breeze
Champions Tour 2024: China Stage 1,Playoffs,Knockout Round,Trace Esports vs All Gamers,Sunset
Champions Tour 2024: China Stage 1,Playoffs,Knockout Round,Trace Esports vs All Gamers,Breeze
Champions Tour 2024: China Stage 1,Playoffs,Knockout Round,Dragon Ranger Gaming vs Nova Esports,Bind
Champions Tour 2024: China Stage 1,Playoffs,Knockout Round,Dragon Ranger Gaming vs Nova Esports,Ascent
Champions Tour 2024: China Stage 1,Playoffs,Upper Semifinals,FunPlus Phoenix vs Trace Esports,Bind
Champions Tour 2024: China Stage 1,Playoffs,Upper Semifinals,FunPlus Phoenix vs Trace Esports,Lotus
Champions Tour 2024: China Stage 1,Playoffs,Upper Semifinals,EDward Gaming vs Dragon Ranger Gaming,Ascent
Champions Tour 2024: China Stage 1,Playoffs,Upper Semifinals,EDward Gaming vs Dragon Ranger Gaming,Split
Champions Tour 2024: China Stage 1,Playoffs,Upper Final,FunPlus Phoenix vs EDward Gaming,Icebox
Champions Tour 2024: China Stage 1,Playoffs,Upper Final,FunPlus Phoenix vs EDward Gaming,Breeze
Champions Tour 2024: China Stage 1,Playoffs,Lower Round 1,Trace Esports vs Dragon Ranger Gaming,Sunset
Champions Tour 2024: China Stage 1,Playoffs,Lower Round 1,Trace Esports vs Dragon Ranger Gaming,Split
Champions Tour 2024: China Stage 1,Playoffs,Lower Round 1,Trace Esports vs Dragon Ranger Gaming,Bind
Champions Tour 2024: China Stage 1,Playoffs,Lower Final,EDward Gaming vs Dragon Ranger Gaming,Breeze
Champions Tour 2024: China Stage 1,Playoffs,Lower Final,EDward Gaming vs Dragon Ranger Gaming,Split
Champions Tour 2024: China Stage 1,Playoffs,Lower Final,EDward Gaming vs Dragon Ranger Gaming,Ascent
Champions Tour 2024: China Stage 1,Playoffs,Lower Final,EDward Gaming vs Dragon Ranger Gaming,Bind
Champions Tour 2024: China Stage 1,Playoffs,Grand Final,FunPlus Phoenix vs EDward Gaming,Lotus
Champions Tour 2024: China Stage 1,Playoffs,Grand Final,FunPlus Phoenix vs EDward Gaming,Bind
Champions Tour 2024: China Stage 1,Playoffs,Grand Final,FunPlus Phoenix vs EDward Gaming,Icebox
Champions Tour 2024: China Stage 1,Playoffs,Grand Final,FunPlus Phoenix vs EDward Gaming,Breeze
Champions Tour 2024: Americas Stage 1,Regular Season,Week 1,Cloud9 vs LEVIATÁN,Icebox
Champions Tour 2024: Americas Stage 1,Regular Season,Week 1,Cloud9 vs LEVIATÁN,Sunset
Champions Tour 2024: Americas Stage 1,Regular Season,Week 1,Cloud9 vs LEVIATÁN,Ascent
Champions Tour 2024: Americas Stage 1,Regular Season,Week 1,NRG Esports vs LOUD,Breeze
Champions Tour 2024: Americas Stage 1,Regular Season,Week 1,NRG Esports vs LOUD,Sunset
Champions Tour 2024: Americas Stage 1,Regular Season,Week 1,G2 Esports vs Evil Geniuses,Lotus
Champions Tour 2024: Americas Stage 1,Regular Season,Week 1,G2 Esports vs Evil Geniuses,Icebox
Champions Tour 2024: Americas Stage 1,Regular Season,Week 1,Sentinels vs 100 Thieves,Icebox
Champions Tour 2024: Americas Stage 1,Regular Season,Week 1,Sentinels vs 100 Thieves,Split
Champions Tour 2024: Americas Stage 1,Regular Season,Week 1,KRÜ Esports vs FURIA,Lotus
Champions Tour 2024: Americas Stage 1,Regular Season,Week 1,KRÜ Esports vs FURIA,Icebox
Champions Tour 2024: Americas Stage 1,Regular Season,Week 1,KRÜ Esports vs FURIA,Breeze
Champions Tour 2024: Americas Stage 1,Regular Season,Week 2,G2 Esports vs 100 Thieves,Bind
Champions Tour 2024: Americas Stage 1,Regular Season,Week 2,G2 Esports vs 100 Thieves,Split
Champions Tour 2024: Americas Stage 1,Regular Season,Week 2,Sentinels vs LEVIATÁN,Lotus
Champions Tour 2024: Americas Stage 1,Regular Season,Week 2,Sentinels vs LEVIATÁN,Icebox
Champions Tour 2024: Americas Stage 1,Regular Season,Week 2,KRÜ Esports vs MIBR,Icebox
Champions Tour 2024: Americas Stage 1,Regular Season,Week 2,KRÜ Esports vs MIBR,Sunset
Champions Tour 2024: Americas Stage 1,Regular Season,Week 2,NRG Esports vs FURIA,Split
Champions Tour 2024: Americas Stage 1,Regular Season,Week 2,NRG Esports vs FURIA,Breeze
Champions Tour 2024: Americas Stage 1,Regular Season,Week 2,Cloud9 vs Evil Geniuses,Lotus
Champions Tour 2024: Americas Stage 1,Regular Season,Week 2,Cloud9 vs Evil Geniuses,Sunset
Champions Tour 2024: Americas Stage 1,Regular Season,Week 2,Cloud9 vs Evil Geniuses,Split
Champions Tour 2024: Americas Stage 1,Regular Season,Week 3,Sentinels vs MIBR,Lotus
Champions Tour 2024: Americas Stage 1,Regular Season,Week 3,Sentinels vs MIBR,Bind
Champions Tour 2024: Americas Stage 1,Regular Season,Week 3,Cloud9 vs LOUD,Bind
Champions Tour 2024: Americas Stage 1,Regular Season,Week 3,Cloud9 vs LOUD,Icebox
Champions Tour 2024: Americas Stage 1,Regular Season,Week 3,Cloud9 vs LOUD,Lotus
Champions Tour 2024: Americas Stage 1,Regular Season,Week 3,KRÜ Esports vs Evil Geniuses,Lotus
Champions Tour 2024: Americas Stage 1,Regular Season,Week 3,KRÜ Esports vs Evil Geniuses,Breeze
Champions Tour 2024: Americas Stage 1,Regular Season,Week 3,NRG Esports vs LEVIATÁN,Sunset
Champions Tour 2024: Americas Stage 1,Regular Season,Week 3,NRG Esports vs LEVIATÁN,Bind
Champions Tour 2024: Americas Stage 1,Regular Season,Week 3,G2 Esports vs FURIA,Lotus
Champions Tour 2024: Americas Stage 1,Regular Season,Week 3,G2 Esports vs FURIA,Icebox
Champions Tour 2024: Americas Stage 1,Regular Season,Week 3,Cloud9 vs 100 Thieves,Bind
Champions Tour 2024: Americas Stage 1,Regular Season,Week 3,Cloud9 vs 100 Thieves,Ascent
Champions Tour 2024: Americas Stage 1,Regular Season,Week 3,Sentinels vs Evil Geniuses,Lotus
Champions Tour 2024: Americas Stage 1,Regular Season,Week 3,Sentinels vs Evil Geniuses,Bind
Champions Tour 2024: Americas Stage 1,Regular Season,Week 3,Sentinels vs Evil Geniuses,Sunset
Champions Tour 2024: Americas Stage 1,Regular Season,Week 3,NRG Esports vs MIBR,Split
Champions Tour 2024: Americas Stage 1,Regular Season,Week 3,NRG Esports vs MIBR,Breeze
Champions Tour 2024: Americas Stage 1,Regular Season,Week 3,G2 Esports vs LEVIATÁN,Breeze
Champions Tour 2024: Americas Stage 1,Regular Season,Week 3,G2 Esports vs LEVIATÁN,Icebox
Champions Tour 2024: Americas Stage 1,Regular Season,Week 3,G2 Esports vs LEVIATÁN,Lotus
Champions Tour 2024: Americas Stage 1,Regular Season,Week 3,KRÜ Esports vs LOUD,Split
Champions Tour 2024: Americas Stage 1,Regular Season,Week 3,KRÜ Esports vs LOUD,Ascent
Champions Tour 2024: Americas Stage 1,Regular Season,Week 4,G2 Esports vs MIBR,Icebox
Champions Tour 2024: Americas Stage 1,Regular Season,Week 4,G2 Esports vs MIBR,Bind
Champions Tour 2024: Americas Stage 1,Regular Season,Week 4,Sentinels vs LOUD,Lotus
Champions Tour 2024: Americas Stage 1,Regular Season,Week 4,Sentinels vs LOUD,Icebox
Champions Tour 2024: Americas Stage 1,Regular Season,Week 4,Cloud9 vs FURIA,Ascent
Champions Tour 2024: Americas Stage 1,Regular Season,Week 4,Cloud9 vs FURIA,Lotus
Champions Tour 2024: Americas Stage 1,Regular Season,Week 4,Cloud9 vs FURIA,Bind
Champions Tour 2024: Americas Stage 1,Regular Season,Week 4,NRG Esports vs Evil Geniuses,Ascent
Champions Tour 2024: Americas Stage 1,Regular Season,Week 4,NRG Esports vs Evil Geniuses,Lotus
Champions Tour 2024: Americas Stage 1,Regular Season,Week 4,NRG Esports vs Evil Geniuses,Sunset
Champions Tour 2024: Americas Stage 1,Regular Season,Week 4,KRÜ Esports vs 100 Thieves,Sunset
Champions Tour 2024: Americas Stage 1,Regular Season,Week 4,KRÜ Esports vs 100 Thieves,Breeze
Champions Tour 2024: Americas Stage 1,Regular Season,Week 4,KRÜ Esports vs 100 Thieves,Split
Champions Tour 2024: Americas Stage 1,Regular Season,Week 5,Sentinels vs FURIA,Split
Champions Tour 2024: Americas Stage 1,Regular Season,Week 5,Sentinels vs FURIA,Icebox
Champions Tour 2024: Americas Stage 1,Regular Season,Week 5,NRG Esports vs 100 Thieves,Split
Champions Tour 2024: Americas Stage 1,Regular Season,Week 5,NRG Esports vs 100 Thieves,Bind
Champions Tour 2024: Americas Stage 1,Regular Season,Week 5,KRÜ Esports vs LEVIATÁN,Ascent
Champions Tour 2024: Americas Stage 1,Regular Season,Week 5,KRÜ Esports vs LEVIATÁN,Breeze
Champions Tour 2024: Americas Stage 1,Regular Season,Week 5,KRÜ Esports vs LEVIATÁN,Lotus
Champions Tour 2024: Americas Stage 1,Regular Season,Week 5,Cloud9 vs MIBR,Icebox
Champions Tour 2024: Americas Stage 1,Regular Season,Week 5,Cloud9 vs MIBR,Sunset
Champions Tour 2024: Americas Stage 1,Regular Season,Week 5,G2 Esports vs LOUD,Bind
Champions Tour 2024: Americas Stage 1,Regular Season,Week 5,G2 Esports vs LOUD,Icebox
Champions Tour 2024: Americas Stage 1,Playoffs,Knockout Round,Cloud9 vs G2 Esports,Lotus
Champions Tour 2024: Americas Stage 1,Playoffs,Knockout Round,Cloud9 vs G2 Esports,Ascent
Champions Tour 2024: Americas Stage 1,Playoffs,Knockout Round,100 Thieves vs LOUD,Bind
Champions Tour 2024: Americas Stage 1,Playoffs,Knockout Round,100 Thieves vs LOUD,Icebox
Champions Tour 2024: Americas Stage 1,Playoffs,Upper Semifinals,KRÜ Esports vs G2 Esports,Icebox
Champions Tour 2024: Americas Stage 1,Playoffs,Upper Semifinals,KRÜ Esports vs G2 Esports,Ascent
Champions Tour 2024: Americas Stage 1,Playoffs,Upper Semifinals,LEVIATÁN vs 100 Thieves,Bind
Champions Tour 2024: Americas Stage 1,Playoffs,Upper Semifinals,LEVIATÁN vs 100 Thieves,Sunset
Champions Tour 2024: Americas Stage 1,Playoffs,Upper Semifinals,LEVIATÁN vs 100 Thieves,Icebox
Champions Tour 2024: Americas Stage 1,Playoffs,Upper Final,G2 Esports vs 100 Thieves,Ascent
Champions Tour 2024: Americas Stage 1,Playoffs,Upper Final,G2 Esports vs 100 Thieves,Bind
Champions Tour 2024: Americas Stage 1,Playoffs,Upper Final,G2 Esports vs 100 Thieves,Split
Champions Tour 2024: Americas Stage 1,Playoffs,Lower Round 1,KRÜ Esports vs LEVIATÁN,Lotus
Champions Tour 2024: Americas Stage 1,Playoffs,Lower Round 1,KRÜ Esports vs LEVIATÁN,Icebox
Champions Tour 2024: Americas Stage 1,Playoffs,Lower Round 1,KRÜ Esports vs LEVIATÁN,Sunset
Champions Tour 2024: Americas Stage 1,Playoffs,Lower Final,G2 Esports vs LEVIATÁN,Bind
Champions Tour 2024: Americas Stage 1,Playoffs,Lower Final,G2 Esports vs LEVIATÁN,Breeze
Champions Tour 2024: Americas Stage 1,Playoffs,Lower Final,G2 Esports vs LEVIATÁN,Icebox
Champions Tour 2024: Americas Stage 1,Playoffs,Lower Final,G2 Esports vs LEVIATÁN,Lotus
Champions Tour 2024: Americas Stage 1,Playoffs,Lower Final,G2 Esports vs LEVIATÁN,Ascent
Champions Tour 2024: Americas Stage 1,Playoffs,Grand Final,100 Thieves vs G2 Esports,Bind
Champions Tour 2024: Americas Stage 1,Playoffs,Grand Final,100 Thieves vs G2 Esports,Breeze
Champions Tour 2024: Americas Stage 1,Playoffs,Grand Final,100 Thieves vs G2 Esports,Sunset
Champions Tour 2024: EMEA Stage 1,Regular Season,Week 1,Karmine Corp vs GIANTX,Breeze
Champions Tour 2024: EMEA Stage 1,Regular Season,Week 1,Karmine Corp vs GIANTX,Sunset
Champions Tour 2024: EMEA Stage 1,Regular Season,Week 1,KOI vs Team Liquid,Split
Champions Tour 2024: EMEA Stage 1,Regular Season,Week 1,KOI vs Team Liquid,Ascent
Champions Tour 2024: EMEA Stage 1,Regular Season,Week 1,Team Vitality vs Natus Vincere,Bind
Champions Tour 2024: EMEA Stage 1,Regular Season,Week 1,Team Vitality vs Natus Vincere,Lotus
Champions Tour 2024: EMEA Stage 1,Regular Season,Week 1,FNATIC vs Team Heretics,Icebox
Champions Tour 2024: EMEA Stage 1,Regular Season,Week 1,FNATIC vs Team Heretics,Lotus
Champions Tour 2024: EMEA Stage 1,Regular Season,Week 1,Team Liquid vs FUT Esports,Split
Champions Tour 2024: EMEA Stage 1,Regular Season,Week 1,Team Liquid vs FUT Esports,Icebox
Champions Tour 2024: EMEA Stage 1,Regular Season,Week 1,BBL Esports vs Gentle Mates,Ascent
Champions Tour 2024: EMEA Stage 1,Regular Season,Week 1,BBL Esports vs Gentle Mates,Sunset
Champions Tour 2024: EMEA Stage 1,Regular Season,Week 2,Karmine Corp vs FUT Esports,Bind
Champions Tour 2024: EMEA Stage 1,Regular Season,Week 2,Karmine Corp vs FUT Esports,Lotus
Champions Tour 2024: EMEA Stage 1,Regular Season,Week 2,Karmine Corp vs FUT Esports,Breeze
Champions Tour 2024: EMEA Stage 1,Regular Season,Week 2,Team Vitality vs Team Heretics,Breeze
Champions Tour 2024: EMEA Stage 1,Regular Season,Week 2,Team Vitality vs Team Heretics,Sunset
Champions Tour 2024: EMEA Stage 1,Regular Season,Week 2,Team Vitality vs Team Heretics,Icebox
Champions Tour 2024: EMEA Stage 1,Regular Season,Week 2,Team Liquid vs Natus Vincere,Lotus
Champions Tour 2024: EMEA Stage 1,Regular Season,Week 2,Team Liquid vs Natus Vincere,Split
Champions Tour 2024: EMEA Stage 1,Regular Season,Week 2,Team Liquid vs Natus Vincere,Ascent
Champions Tour 2024: EMEA Stage 1,Regular Season,Week 2,BBL Esports vs KOI,Breeze
Champions Tour 2024: EMEA Stage 1,Regular Season,Week 2,BBL Esports vs KOI,Icebox
Champions Tour 2024: EMEA Stage 1,Regular Season,Week 2,FNATIC vs GIANTX,Bind
Champions Tour 2024: EMEA Stage 1,Regular Season,Week 2,FNATIC vs GIANTX,Breeze
Champions Tour 2024: EMEA Stage 1,Regular Season,Week 2,FNATIC vs GIANTX,Split
Champions Tour 2024: EMEA Stage 1,Regular Season,Week 2,Karmine Corp vs Gentle Mates,Split
Champions Tour 2024: EMEA Stage 1,Regular Season,Week 2,Karmine Corp vs Gentle Mates,Icebox
Champions Tour 2024: EMEA Stage 1,Regular Season,Week 3,Gentle Mates vs FNATIC,Breeze
Champions Tour 2024: EMEA Stage 1,Regular Season,Week 3,Gentle Mates vs FNATIC,Lotus
Champions Tour 2024: EMEA Stage 1,Regular Season,Week 3,Karmine Corp vs Natus Vincere,Bind
Champions Tour 2024: EMEA Stage 1,Regular Season,Week 3,Karmine Corp vs Natus Vincere,Sunset
Champions Tour 2024: EMEA Stage 1,Regular Season,Week 3,Karmine Corp vs Natus Vincere,Split
Champions Tour 2024: EMEA Stage 1,Regular Season,Week 3,BBL Esports vs Team Heretics,Split
Champions Tour 2024: EMEA Stage 1,Regular Season,Week 3,BBL Esports vs Team Heretics,Sunset
Champions Tour 2024: EMEA Stage 1,Regular Season,Week 3,Team Vitality vs FUT Esports,Ascent
Champions Tour 2024: EMEA Stage 1,Regular Season,Week 3,Team Vitality vs FUT Esports,Icebox
Champions Tour 2024: EMEA Stage 1,Regular Season,Week 3,Team Vitality vs FUT Esports,Sunset
Champions Tour 2024: EMEA Stage 1,Regular Season,Week 3,Team Liquid vs GIANTX,Lotus
Champions Tour 2024: EMEA Stage 1,Regular Season,Week 3,Team Liquid vs GIANTX,Icebox
Champions Tour 2024: EMEA Stage 1,Regular Season,Week 3,Team Liquid vs GIANTX,Ascent
Champions Tour 2024: EMEA Stage 1,Regular Season,Week 3,FNATIC vs KOI,Bind
Champions Tour 2024: EMEA Stage 1,Regular Season,Week 3,FNATIC vs KOI,Icebox
Champions Tour 2024: EMEA Stage 1,Regular Season,Week 4,Team Liquid vs Team Heretics,Sunset
Champions Tour 2024: EMEA Stage 1,Regular Season,Week 4,Team Liquid vs Team Heretics,Bind
Champions Tour 2024: EMEA Stage 1,Regular Season,Week 4,Team Vitality vs Gentle Mates,Icebox
Champions Tour 2024: EMEA Stage 1,Regular Season,Week 4,Team Vitality vs Gentle Mates,Sunset
Champions Tour 2024: EMEA Stage 1,Regular Season,Week 4,FNATIC vs FUT Esports,Split
Champions Tour 2024: EMEA Stage 1,Regular Season,Week 4,FNATIC vs FUT Esports,Lotus
Champions Tour 2024: EMEA Stage 1,Regular Season,Week 4,BBL Esports vs Natus Vincere,Ascent
Champions Tour 2024: EMEA Stage 1,Regular Season,Week 4,BBL Esports vs Natus Vincere,Sunset
Champions Tour 2024: EMEA Stage 1,Regular Season,Week 4,BBL Esports vs Natus Vincere,Split
Champions Tour 2024: EMEA Stage 1,Regular Season,Week 4,Team Vitality vs GIANTX,Lotus
Champions Tour 2024: EMEA Stage 1,Regular Season,Week 4,Team Vitality vs GIANTX,Breeze
Champions Tour 2024: EMEA Stage 1,Regular Season,Week 4,Team Vitality vs GIANTX,Sunset
Champions Tour 2024: EMEA Stage 1,Regular Season,Week 4,Karmine Corp vs KOI,Sunset
Champions Tour 2024: EMEA Stage 1,Regular Season,Week 4,Karmine Corp vs KOI,Icebox
Champions Tour 2024: EMEA Stage 1,Regular Season,Week 4,Karmine Corp vs KOI,Bind
Champions Tour 2024: EMEA Stage 1,Regular Season,Week 5,BBL Esports vs GIANTX,Bind
Champions Tour 2024: EMEA Stage 1,Regular Season,Week 5,BBL Esports vs GIANTX,Sunset
Champions Tour 2024: EMEA Stage 1,Regular Season,Week 5,Karmine Corp vs Team Heretics,Icebox
Champions Tour 2024: EMEA Stage 1,Regular Season,Week 5,Karmine Corp vs Team Heretics,Lotus
Champions Tour 2024: EMEA Stage 1,Regular Season,Week 5,Karmine Corp vs Team Heretics,Bind
Champions Tour 2024: EMEA Stage 1,Regular Season,Week 5,Team Vitality vs KOI,Split
Champions Tour 2024: EMEA Stage 1,Regular Season,Week 5,Team Vitality vs KOI,Breeze
Champions Tour 2024: EMEA Stage 1,Regular Season,Week 5,Team Vitality vs KOI,Icebox
Champions Tour 2024: EMEA Stage 1,Regular Season,Week 5,Natus Vincere vs FNATIC,Breeze
Champions Tour 2024: EMEA Stage 1,Regular Season,Week 5,Natus Vincere vs FNATIC,Ascent
Champions Tour 2024: EMEA Stage 1,Regular Season,Week 5,Natus Vincere vs FNATIC,Bind
Champions Tour 2024: EMEA Stage 1,Regular Season,Week 5,Team Liquid vs Gentle Mates,Lotus
Champions Tour 2024: EMEA Stage 1,Regular Season,Week 5,Team Liquid vs Gentle Mates,Icebox
Champions Tour 2024: EMEA Stage 1,Regular Season,Week 5,BBL Esports vs FUT Esports,Bind
Champions Tour 2024: EMEA Stage 1,Regular Season,Week 5,BBL Esports vs FUT Esports,Icebox
Champions Tour 2024: EMEA Stage 1,Playoffs,Knockout Round,FNATIC vs Team Liquid,Ascent
Champions Tour 2024: EMEA Stage 1,Playoffs,Knockout Round,FNATIC vs Team Liquid,Icebox
Champions Tour 2024: EMEA Stage 1,Playoffs,Knockout Round,FNATIC vs Team Liquid,Lotus
Champions Tour 2024: EMEA Stage 1,Playoffs,Knockout Round,Natus Vincere vs Team Heretics,Lotus
Champions Tour 2024: EMEA Stage 1,Playoffs,Knockout Round,Natus Vincere vs Team Heretics,Split
Champions Tour 2024: EMEA Stage 1,Playoffs,Upper Semifinals,Karmine Corp vs FNATIC,Breeze
Champions Tour 2024: EMEA Stage 1,Playoffs,Upper Semifinals,Karmine Corp vs FNATIC,Bind
Champions Tour 2024: EMEA Stage 1,Playoffs,Upper Semifinals,FUT Esports vs Team Heretics,Lotus
Champions Tour 2024: EMEA Stage 1,Playoffs,Upper Semifinals,FUT Esports vs Team Heretics,Split
Champions Tour 2024: EMEA Stage 1,Playoffs,Upper Final,FNATIC vs Team Heretics,Lotus
Champions Tour 2024: EMEA Stage 1,Playoffs,Upper Final,FNATIC vs Team Heretics,Breeze
Champions Tour 2024: EMEA Stage 1,Playoffs,Lower Round 1,Karmine Corp vs FUT Esports,Icebox
Champions Tour 2024: EMEA Stage 1,Playoffs,Lower Round 1,Karmine Corp vs FUT Esports,Sunset
Champions Tour 2024: EMEA Stage 1,Playoffs,Lower Final,FNATIC vs FUT Esports,Icebox
Champions Tour 2024: EMEA Stage 1,Playoffs,Lower Final,FNATIC vs FUT Esports,Bind
Champions Tour 2024: EMEA Stage 1,Playoffs,Lower Final,FNATIC vs FUT Esports,Breeze
Champions Tour 2024: EMEA Stage 1,Playoffs,Lower Final,FNATIC vs FUT Esports,Split
Champions Tour 2024: EMEA Stage 1,Playoffs,Grand Final,Team Heretics vs FNATIC,Sunset
Champions Tour 2024: EMEA Stage 1,Playoffs,Grand Final,Team Heretics vs FNATIC,Bind
Champions Tour 2024: EMEA Stage 1,Playoffs,Grand Final,Team Heretics vs FNATIC,Lotus
Champions Tour 2024: EMEA Stage 1,Playoffs,Grand Final,Team Heretics vs FNATIC,Split
Champions Tour 2024: EMEA Stage 1,Playoffs,Grand Final,Team Heretics vs FNATIC,Breeze
Champions Tour 2024: Pacific Stage 1,Regular Season,Week 1,Global Esports vs ZETA DIVISION,Sunset
Champions Tour 2024: Pacific Stage 1,Regular Season,Week 1,Global Esports vs ZETA DIVISION,Icebox
Champions Tour 2024: Pacific Stage 1,Regular Season,Week 1,Global Esports vs ZETA DIVISION,Ascent
Champions Tour 2024: Pacific Stage 1,Regular Season,Week 1,Team Secret vs DRX,Sunset
Champions Tour 2024: Pacific Stage 1,Regular Season,Week 1,Team Secret vs DRX,Lotus
Champions Tour 2024: Pacific Stage 1,Regular Season,Week 1,BLEED vs Talon Esports,Lotus
Champions Tour 2024: Pacific Stage 1,Regular Season,Week 1,BLEED vs Talon Esports,Bind
Champions Tour 2024: Pacific Stage 1,Regular Season,Week 1,BLEED vs Talon Esports,Icebox
Champions Tour 2024: Pacific Stage 1,Regular Season,Week 1,T1 vs Paper Rex,Lotus
Champions Tour 2024: Pacific Stage 1,Regular Season,Week 1,T1 vs Paper Rex,Bind
Champions Tour 2024: Pacific Stage 1,Regular Season,Week 1,Team Secret vs Rex Regum Qeon,Breeze
Champions Tour 2024: Pacific Stage 1,Regular Season,Week 1,Team Secret vs Rex Regum Qeon,Split
Champions Tour 2024: Pacific Stage 1,Regular Season,Week 1,Team Secret vs Rex Regum Qeon,Icebox
Champions Tour 2024: Pacific Stage 1,Regular Season,Week 1,Global Esports vs DRX,Ascent
Champions Tour 2024: Pacific Stage 1,Regular Season,Week 1,Global Esports vs DRX,Lotus
Champions Tour 2024: Pacific Stage 1,Regular Season,Week 1,Gen.G vs Talon Esports,Lotus
Champions Tour 2024: Pacific Stage 1,Regular Season,Week 1,Gen.G vs Talon Esports,Ascent
Champions Tour 2024: Pacific Stage 1,Regular Season,Week 1,T1 vs DetonatioN FocusMe,Ascent
Champions Tour 2024: Pacific Stage 1,Regular Season,Week 1,T1 vs DetonatioN FocusMe,Lotus
Champions Tour 2024: Pacific Stage 1,Regular Season,Week 1,T1 vs DetonatioN FocusMe,Sunset
Champions Tour 2024: Pacific Stage 1,Regular Season,Week 2,Gen.G vs Paper Rex,Lotus
Champions Tour 2024: Pacific Stage 1,Regular Season,Week 2,Gen.G vs Paper Rex,Icebox
Champions Tour 2024: Pacific Stage 1,Regular Season,Week 2,Gen.G vs Paper Rex,Bind
Champions Tour 2024: Pacific Stage 1,Regular Season,Week 2,T1 vs DRX,Breeze
Champions Tour 2024: Pacific Stage 1,Regular Season,Week 2,T1 vs DRX,Split
Champions Tour 2024: Pacific Stage 1,Regular Season,Week 2,T1 vs DRX,Bind
Champions Tour 2024: Pacific Stage 1,Regular Season,Week 2,Team Secret vs ZETA DIVISION,Icebox
Champions Tour 2024: Pacific Stage 1,Regular Season,Week 2,Team Secret vs ZETA DIVISION,Lotus
Champions Tour 2024: Pacific Stage 1,Regular Season,Week 2,Team Secret vs ZETA DIVISION,Sunset
Champions Tour 2024: Pacific Stage 1,Regular Season,Week 2,BLEED vs Rex Regum Qeon,Lotus
Champions Tour 2024: Pacific Stage 1,Regular Season,Week 2,BLEED vs Rex Regum Qeon,Icebox
Champions Tour 2024: Pacific Stage 1,Regular Season,Week 2,Gen.G vs DetonatioN FocusMe,Split
Champions Tour 2024: Pacific Stage 1,Regular Season,Week 2,Gen.G vs DetonatioN FocusMe,Lotus
Champions Tour 2024: Pacific Stage 1,Regular Season,Week 2,Global Esports vs Talon Esports,Icebox
Champions Tour 2024: Pacific Stage 1,Regular Season,Week 2,Global Esports vs Talon Esports,Breeze
Champions Tour 2024: Pacific Stage 1,Regular Season,Week 2,Global Esports vs Talon Esports,Lotus
Champions Tour 2024: Pacific Stage 1,Regular Season,Week 2,T1 vs Rex Regum Qeon,Ascent
Champions Tour 2024: Pacific Stage 1,Regular Season,Week 2,T1 vs Rex Regum Qeon,Lotus
Champions Tour 2024: Pacific Stage 1,Regular Season,Week 2,BLEED vs ZETA DIVISION,Sunset
Champions Tour 2024: Pacific Stage 1,Regular Season,Week 2,BLEED vs ZETA DIVISION,Ascent
Champions Tour 2024: Pacific Stage 1,Regular Season,Week 2,BLEED vs ZETA DIVISION,Lotus
Champions Tour 2024: Pacific Stage 1,Regular Season,Week 3,Gen.G vs DRX,Bind
Champions Tour 2024: Pacific Stage 1,Regular Season,Week 3,Gen.G vs DRX,Ascent
Champions Tour 2024: Pacific Stage 1,Regular Season,Week 3,Gen.G vs DRX,Split
Champions Tour 2024: Pacific Stage 1,Regular Season,Week 3,BLEED vs DetonatioN FocusMe,Lotus
Champions Tour 2024: Pacific Stage 1,Regular Season,Week 3,BLEED vs DetonatioN FocusMe,Split
Champions Tour 2024: Pacific Stage 1,Regular Season,Week 3,BLEED vs DetonatioN FocusMe,Ascent
Champions Tour 2024: Pacific Stage 1,Regular Season,Week 3,Global Esports vs Rex Regum Qeon,Lotus
Champions Tour 2024: Pacific Stage 1,Regular Season,Week 3,Global Esports vs Rex Regum Qeon,Icebox
Champions Tour 2024: Pacific Stage 1,Regular Season,Week 3,Team Secret vs Paper Rex,Icebox
Champions Tour 2024: Pacific Stage 1,Regular Season,Week 3,Team Secret vs Paper Rex,Sunset
Champions Tour 2024: Pacific Stage 1,Regular Season,Week 3,T1 vs Talon Esports,Lotus
Champions Tour 2024: Pacific Stage 1,Regular Season,Week 3,T1 vs Talon Esports,Bind
Champions Tour 2024: Pacific Stage 1,Regular Season,Week 3,Gen.G vs ZETA DIVISION,Split
Champions Tour 2024: Pacific Stage 1,Regular Season,Week 3,Gen.G vs ZETA DIVISION,Ascent
Champions Tour 2024: Pacific Stage 1,Regular Season,Week 3,Team Secret vs DetonatioN FocusMe,Lotus
Champions Tour 2024: Pacific Stage 1,Regular Season,Week 3,Team Secret vs DetonatioN FocusMe,Breeze
Champions Tour 2024: Pacific Stage 1,Regular Season,Week 3,Team Secret vs DetonatioN FocusMe,Sunset
Champions Tour 2024: Pacific Stage 1,Regular Season,Week 3,Global Esports vs Paper Rex,Sunset
Champions Tour 2024: Pacific Stage 1,Regular Season,Week 3,Global Esports vs Paper Rex,Icebox
Champions Tour 2024: Pacific Stage 1,Regular Season,Week 4,BLEED vs Paper Rex,Ascent
Champions Tour 2024: Pacific Stage 1,Regular Season,Week 4,BLEED vs Paper Rex,Bind
Champions Tour 2024: Pacific Stage 1,Regular Season,Week 4,Global Esports vs DetonatioN FocusMe,Split
Champions Tour 2024: Pacific Stage 1,Regular Season,Week 4,Global Esports vs DetonatioN FocusMe,Lotus
Champions Tour 2024: Pacific Stage 1,Regular Season,Week 4,Global Esports vs DetonatioN FocusMe,Ascent
Champions Tour 2024: Pacific Stage 1,Regular Season,Week 4,T1 vs ZETA DIVISION,Bind
Champions Tour 2024: Pacific Stage 1,Regular Season,Week 4,T1 vs ZETA DIVISION,Lotus
Champions Tour 2024: Pacific Stage 1,Regular Season,Week 4,T1 vs ZETA DIVISION,Sunset
Champions Tour 2024: Pacific Stage 1,Regular Season,Week 4,Team Secret vs Talon Esports,Sunset
Champions Tour 2024: Pacific Stage 1,Regular Season,Week 4,Team Secret vs Talon Esports,Lotus
Champions Tour 2024: Pacific Stage 1,Regular Season,Week 4,Team Secret vs Talon Esports,Breeze
Champions Tour 2024: Pacific Stage 1,Regular Season,Week 4,BLEED vs DRX,Bind
Champions Tour 2024: Pacific Stage 1,Regular Season,Week 4,BLEED vs DRX,Breeze
Champions Tour 2024: Pacific Stage 1,Regular Season,Week 4,Gen.G vs Rex Regum Qeon,Breeze
Champions Tour 2024: Pacific Stage 1,Regular Season,Week 4,Gen.G vs Rex Regum Qeon,Ascent
Champions Tour 2024: Pacific Stage 1,Regular Season,Week 4,Gen.G vs Rex Regum Qeon,Split
Champions Tour 2024: Pacific Stage 1,Playoffs,Knockout Round,Team Secret vs T1,Lotus
Champions Tour 2024: Pacific Stage 1,Playoffs,Knockout Round,Team Secret vs T1,Sunset
Champions Tour 2024: Pacific Stage 1,Playoffs,Knockout Round,Paper Rex vs Talon Esports,Lotus
Champions Tour 2024: Pacific Stage 1,Playoffs,Knockout Round,Paper Rex vs Talon Esports,Bind
Champions Tour 2024: Pacific Stage 1,Playoffs,Knockout Round,Paper Rex vs Talon Esports,Sunset
Champions Tour 2024: Pacific Stage 1,Playoffs,Upper Semifinals,Gen.G vs T1,Ascent
Champions Tour 2024: Pacific Stage 1,Playoffs,Upper Semifinals,Gen.G vs T1,Sunset
Champions Tour 2024: Pacific Stage 1,Playoffs,Upper Semifinals,Gen.G vs T1,Breeze
Champions Tour 2024: Pacific Stage 1,Playoffs,Upper Semifinals,DRX vs Paper Rex,Lotus
Champions Tour 2024: Pacific Stage 1,Playoffs,Upper Semifinals,DRX vs Paper Rex,Ascent
Champions Tour 2024: Pacific Stage 1,Playoffs,Upper Semifinals,DRX vs Paper Rex,Bind
Champions Tour 2024: Pacific Stage 1,Playoffs,Upper Final,T1 vs Paper Rex,Lotus
Champions Tour 2024: Pacific Stage 1,Playoffs,Upper Final,T1 vs Paper Rex,Sunset
Champions Tour 2024: Pacific Stage 1,Playoffs,Lower Round 1,Gen.G vs DRX,Bind
Champions Tour 2024: Pacific Stage 1,Playoffs,Lower Round 1,Gen.G vs DRX,Sunset
Champions Tour 2024: Pacific Stage 1,Playoffs,Lower Round 1,Gen.G vs DRX,Ascent
Champions Tour 2024: Pacific Stage 1,Playoffs,Lower Final,T1 vs Gen.G,Lotus
Champions Tour 2024: Pacific Stage 1,Playoffs,Lower Final,T1 vs Gen.G,Icebox
Champions Tour 2024: Pacific Stage 1,Playoffs,Lower Final,T1 vs Gen.G,Bind
Champions Tour 2024: Pacific Stage 1,Playoffs,Grand Final,Paper Rex vs Gen.G,Lotus
Champions Tour 2024: Pacific Stage 1,Playoffs,Grand Final,Paper Rex vs Gen.G,Sunset
Champions Tour 2024: Pacific Stage 1,Playoffs,Grand Final,Paper Rex vs Gen.G,Icebox
Champions Tour 2024: Pacific Stage 1,Playoffs,Grand Final,Paper Rex vs Gen.G,Bind
Champions Tour 2024: Pacific Stage 1,Playoffs,Grand Final,Paper Rex vs Gen.G,Split
Champions Tour 2024: Masters Madrid,Swiss Stage,Round 1,Karmine Corp vs FunPlus Phoenix,Icebox
Champions Tour 2024: Masters Madrid,Swiss Stage,Round 1,Karmine Corp vs FunPlus Phoenix,Lotus
Champions Tour 2024: Masters Madrid,Swiss Stage,Round 1,Gen.G vs LOUD,Icebox
Champions Tour 2024: Masters Madrid,Swiss Stage,Round 1,Gen.G vs LOUD,Breeze
Champions Tour 2024: Masters Madrid,Swiss Stage,Round 1,Gen.G vs LOUD,Ascent
Champions Tour 2024: Masters Madrid,Swiss Stage,Round 1,EDward Gaming vs Paper Rex,Sunset
Champions Tour 2024: Masters Madrid,Swiss Stage,Round 1,EDward Gaming vs Paper Rex,Bind
Champions Tour 2024: Masters Madrid,Swiss Stage,Round 1,EDward Gaming vs Paper Rex,Split
Champions Tour 2024: Masters Madrid,Swiss Stage,Round 1,Sentinels vs Team Heretics,Lotus
Champions Tour 2024: Masters Madrid,Swiss Stage,Round 1,Sentinels vs Team Heretics,Sunset
Champions Tour 2024: Masters Madrid,Swiss Stage,Round 1,Sentinels vs Team Heretics,Bind
Champions Tour 2024: Masters Madrid,Swiss Stage,Round 2,Sentinels vs Karmine Corp,Split
Champions Tour 2024: Masters Madrid,Swiss Stage,Round 2,Sentinels vs Karmine Corp,Lotus
Champions Tour 2024: Masters Madrid,Swiss Stage,Round 2,EDward Gaming vs Gen.G,Icebox
Champions Tour 2024: Masters Madrid,Swiss Stage,Round 2,EDward Gaming vs Gen.G,Split
Champions Tour 2024: Masters Madrid,Swiss Stage,Round 2,EDward Gaming vs Gen.G,Breeze
Champions Tour 2024: Masters Madrid,Swiss Stage,Round 2,FunPlus Phoenix vs LOUD,Sunset
Champions Tour 2024: Masters Madrid,Swiss Stage,Round 2,FunPlus Phoenix vs LOUD,Breeze
Champions Tour 2024: Masters Madrid,Swiss Stage,Round 2,Team Heretics vs Paper Rex,Sunset
Champions Tour 2024: Masters Madrid,Swiss Stage,Round 2,Team Heretics vs Paper Rex,Lotus
Champions Tour 2024: Masters Madrid,Swiss Stage,Round 2,Team Heretics vs Paper Rex,Split
Champions Tour 2024: Masters Madrid,Swiss Stage,Round 3,LOUD vs EDward Gaming,Icebox
Champions Tour 2024: Masters Madrid,Swiss Stage,Round 3,LOUD vs EDward Gaming,Sunset
Champions Tour 2024: Masters Madrid,Swiss Stage,Round 3,Karmine Corp vs Paper Rex,Bind
Champions Tour 2024: Masters Madrid,Swiss Stage,Round 3,Karmine Corp vs Paper Rex,Lotus
Champions Tour 2024: Masters Madrid,Swiss Stage,Round 3,Karmine Corp vs Paper Rex,Ascent
Champions Tour 2024: Masters Madrid,Playoffs,Upper Semifinals,Gen.G vs Paper Rex,Split
Champions Tour 2024: Masters Madrid,Playoffs,Upper Semifinals,Gen.G vs Paper Rex,Lotus
Champions Tour 2024: Masters Madrid,Playoffs,Upper Semifinals,Sentinels vs LOUD,Split
Champions Tour 2024: Masters Madrid,Playoffs,Upper Semifinals,Sentinels vs LOUD,Icebox
Champions Tour 2024: Masters Madrid,Playoffs,Upper Semifinals,Sentinels vs LOUD,Sunset
Champions Tour 2024: Masters Madrid,Playoffs,Upper Final,Gen.G vs Sentinels,Split
Champions Tour 2024: Masters Madrid,Playoffs,Upper Final,Gen.G vs Sentinels,Lotus
Champions Tour 2024: Masters Madrid,Playoffs,Upper Final,Gen.G vs Sentinels,Breeze
Champions Tour 2024: Masters Madrid,Playoffs,Lower Round 1,Paper Rex vs LOUD,Ascent
Champions Tour 2024: Masters Madrid,Playoffs,Lower Round 1,Paper Rex vs LOUD,Sunset
Champions Tour 2024: Masters Madrid,Playoffs,Lower Final,Sentinels vs Paper Rex,Lotus
Champions Tour 2024: Masters Madrid,Playoffs,Lower Final,Sentinels vs Paper Rex,Ascent
Champions Tour 2024: Masters Madrid,Playoffs,Lower Final,Sentinels vs Paper Rex,Split
Champions Tour 2024: Masters Madrid,Playoffs,Lower Final,Sentinels vs Paper Rex,Sunset
Champions Tour 2024: Masters Madrid,Playoffs,Grand Final,Gen.G vs Sentinels,Breeze
Champions Tour 2024: Masters Madrid,Playoffs,Grand Final,Gen.G vs Sentinels,Bind
Champions Tour 2024: Masters Madrid,Playoffs,Grand Final,Gen.G vs Sentinels,Ascent
Champions Tour 2024: Masters Madrid,Playoffs,Grand Final,Gen.G vs Sentinels,Split
Champions Tour 2024: Masters Madrid,Playoffs,Grand Final,Gen.G vs Sentinels,Icebox
Champions Tour 2024: Americas Kickoff,Group Stage,Opening (A),NRG Esports vs FURIA,Breeze
Champions Tour 2024: Americas Kickoff,Group Stage,Opening (A),NRG Esports vs FURIA,Ascent
Champions Tour 2024: Americas Kickoff,Group Stage,Opening (A),Cloud9 vs MIBR,Bind
Champions Tour 2024: Americas Kickoff,Group Stage,Opening (A),Cloud9 vs MIBR,Split
Champions Tour 2024: Americas Kickoff,Group Stage,Opening (A),Cloud9 vs MIBR,Lotus
Champions Tour 2024: Americas Kickoff,Group Stage,Opening (B),LOUD vs Sentinels,Split
Champions Tour 2024: Americas Kickoff,Group Stage,Opening (B),LOUD vs Sentinels,Ascent
Champions Tour 2024: Americas Kickoff,Group Stage,Opening (B),LEVIATÁN vs 100 Thieves,Bind
Champions Tour 2024: Americas Kickoff,Group Stage,Opening (B),LEVIATÁN vs 100 Thieves,Split
Champions Tour 2024: Americas Kickoff,Group Stage,Opening (B),LEVIATÁN vs 100 Thieves,Icebox
Champions Tour 2024: Americas Kickoff,Group Stage,Opening (C),KRÜ Esports vs G2 Esports,Icebox
Champions Tour 2024: Americas Kickoff,Group Stage,Opening (C),KRÜ Esports vs G2 Esports,Sunset
Champions Tour 2024: Americas Kickoff,Group Stage,Opening (C),KRÜ Esports vs G2 Esports,Ascent
Champions Tour 2024: Americas Kickoff,Group Stage,Elimination (A),FURIA vs MIBR,Split
Champions Tour 2024: Americas Kickoff,Group Stage,Elimination (A),FURIA vs MIBR,Breeze
Champions Tour 2024: Americas Kickoff,Group Stage,Elimination (B),Sentinels vs 100 Thieves,Lotus
Champions Tour 2024: Americas Kickoff,Group Stage,Elimination (B),Sentinels vs 100 Thieves,Bind
Champions Tour 2024: Americas Kickoff,Group Stage,Elimination (B),Sentinels vs 100 Thieves,Split
Champions Tour 2024: Americas Kickoff,Group Stage,Winner's (A),NRG Esports vs Cloud9,Sunset
Champions Tour 2024: Americas Kickoff,Group Stage,Winner's (A),NRG Esports vs Cloud9,Ascent
Champions Tour 2024: Americas Kickoff,Group Stage,Winner's (B),LOUD vs LEVIATÁN,Bind
Champions Tour 2024: Americas Kickoff,Group Stage,Winner's (B),LOUD vs LEVIATÁN,Split
Champions Tour 2024: Americas Kickoff,Group Stage,Winner's (B),LOUD vs LEVIATÁN,Ascent
Champions Tour 2024: Americas Kickoff,Group Stage,Winner's (C),G2 Esports vs Evil Geniuses,Sunset
Champions Tour 2024: Americas Kickoff,Group Stage,Winner's (C),G2 Esports vs Evil Geniuses,Icebox
Champions Tour 2024: Americas Kickoff,Group Stage,Decider (A),Cloud9 vs MIBR,Bind
Champions Tour 2024: Americas Kickoff,Group Stage,Decider (A),Cloud9 vs MIBR,Ascent
Champions Tour 2024: Americas Kickoff,Group Stage,Decider (B),LEVIATÁN vs Sentinels,Split
Champions Tour 2024: Americas Kickoff,Group Stage,Decider (B),LEVIATÁN vs Sentinels,Breeze
Champions Tour 2024: Americas Kickoff,Group Stage,Decider (B),LEVIATÁN vs Sentinels,Bind
Champions Tour 2024: Americas Kickoff,Group Stage,Decider (C),G2 Esports vs KRÜ Esports,Split
Champions Tour 2024: Americas Kickoff,Group Stage,Decider (C),G2 Esports vs KRÜ Esports,Sunset
Champions Tour 2024: Americas Kickoff,Play-Ins,Play-ins,MIBR vs Sentinels,Split
Champions Tour 2024: Americas Kickoff,Play-Ins,Play-ins,MIBR vs Sentinels,Ascent
Champions Tour 2024: Americas Kickoff,Play-Ins,Play-ins,G2 Esports vs MIBR,Sunset
Champions Tour 2024: Americas Kickoff,Play-Ins,Play-ins,G2 Esports vs MIBR,Split
Champions Tour 2024: Americas Kickoff,Play-Ins,Play-ins,G2 Esports vs MIBR,Breeze
Champions Tour 2024: Americas Kickoff,Play-Ins,Play-ins,Sentinels vs G2 Esports,Sunset
Champions Tour 2024: Americas Kickoff,Play-Ins,Play-ins,Sentinels vs G2 Esports,Breeze
Champions Tour 2024: Americas Kickoff,Play-Ins,Play-ins,Sentinels vs G2 Esports,Split
Champions Tour 2024: Americas Kickoff,Playoffs,Semifinals,Evil Geniuses vs LOUD,Ascent
Champions Tour 2024: Americas Kickoff,Playoffs,Semifinals,Evil Geniuses vs LOUD,Icebox
Champions Tour 2024: Americas Kickoff,Playoffs,Semifinals,Evil Geniuses vs LOUD,Sunset
Champions Tour 2024: Americas Kickoff,Playoffs,Semifinals,NRG Esports vs Sentinels,Sunset
Champions Tour 2024: Americas Kickoff,Playoffs,Semifinals,NRG Esports vs Sentinels,Ascent
Champions Tour 2024: Americas Kickoff,Playoffs,Semifinals,NRG Esports vs Sentinels,Split
Champions Tour 2024: Americas Kickoff,Playoffs,Grand Final,LOUD vs Sentinels,Sunset
Champions Tour 2024: Americas Kickoff,Playoffs,Grand Final,LOUD vs Sentinels,Split
Champions Tour 2024: Americas Kickoff,Playoffs,Grand Final,LOUD vs Sentinels,Icebox
Champions Tour 2024: Americas Kickoff,Playoffs,Grand Final,LOUD vs Sentinels,Bind
Champions Tour 2024: Americas Kickoff,Playoffs,Grand Final,LOUD vs Sentinels,Lotus
Champions Tour 2024: China Kickoff,Group Stage,Opening (A),Trace Esports vs TYLOO,Ascent
Champions Tour 2024: China Kickoff,Group Stage,Opening (A),Trace Esports vs TYLOO,Sunset
Champions Tour 2024: China Kickoff,Group Stage,Opening (A),FunPlus Phoenix vs Nova Esports,Sunset
Champions Tour 2024: China Kickoff,Group Stage,Opening (A),FunPlus Phoenix vs Nova Esports,Lotus
Champions Tour 2024: China Kickoff,Group Stage,Opening (B),JDG Esports vs Titan Esports Club,Lotus
Champions Tour 2024: China Kickoff,Group Stage,Opening (B),JDG Esports vs Titan Esports Club,Bind
Champions Tour 2024: China Kickoff,Group Stage,Opening (B),Dragon Ranger Gaming vs All Gamers,Sunset
Champions Tour 2024: China Kickoff,Group Stage,Opening (B),Dragon Ranger Gaming vs All Gamers,Ascent
Champions Tour 2024: China Kickoff,Group Stage,Opening (C),Bilibili Gaming vs Wolves Esports,Ascent
Champions Tour 2024: China Kickoff,Group Stage,Opening (C),Bilibili Gaming vs Wolves Esports,Icebox
Champions Tour 2024: China Kickoff,Group Stage,Elimination (A),TYLOO vs Nova Esports,Ascent
Champions Tour 2024: China Kickoff,Group Stage,Elimination (A),TYLOO vs Nova Esports,Split
Champions Tour 2024: China Kickoff,Group Stage,Elimination (B),JDG Esports vs All Gamers,Icebox
Champions Tour 2024: China Kickoff,Group Stage,Elimination (B),JDG Esports vs All Gamers,Sunset
Champions Tour 2024: China Kickoff,Group Stage,Winner's (A),Trace Esports vs FunPlus Phoenix,Sunset
Champions Tour 2024: China Kickoff,Group Stage,Winner's (A),Trace Esports vs FunPlus Phoenix,Bind
Champions Tour 2024: China Kickoff,Group Stage,Winner's (A),Trace Esports vs FunPlus Phoenix,Lotus
Champions Tour 2024: China Kickoff,Group Stage,Winner's (B),Titan Esports Club vs Dragon Ranger Gaming,Icebox
Champions Tour 2024: China Kickoff,Group Stage,Winner's (B),Titan Esports Club vs Dragon Ranger Gaming,Split
Champions Tour 2024: China Kickoff,Group Stage,Winner's (B),Titan Esports Club vs Dragon Ranger Gaming,Bind
Champions Tour 2024: China Kickoff,Group Stage,Winner's (C),Wolves Esports vs EDward Gaming,Bind
Champions Tour 2024: China Kickoff,Group Stage,Winner's (C),Wolves Esports vs EDward Gaming,Ascent
Champions Tour 2024: China Kickoff,Group Stage,Winner's (C),Wolves Esports vs EDward Gaming,Breeze
Champions Tour 2024: China Kickoff,Group Stage,Decider (A),Trace Esports vs Nova Esports,Split
Champions Tour 2024: China Kickoff,Group Stage,Decider (A),Trace Esports vs Nova Esports,Lotus
Champions Tour 2024: China Kickoff,Group Stage,Decider (B),Titan Esports Club vs JDG Esports,Bind
Champions Tour 2024: China Kickoff,Group Stage,Decider (B),Titan Esports Club vs JDG Esports,Icebox
Champions Tour 2024: China Kickoff,Group Stage,Decider (B),Titan Esports Club vs JDG Esports,Lotus
Champions Tour 2024: China Kickoff,Group Stage,Decider (C),Wolves Esports vs Bilibili Gaming,Sunset
Champions Tour 2024: China Kickoff,Group Stage,Decider (C),Wolves Esports vs Bilibili Gaming,Icebox
Champions Tour 2024: China Kickoff,Play-Ins,Round-Robin,Trace Esports vs Titan Esports Club,Breeze
Champions Tour 2024: China Kickoff,Play-Ins,Round-Robin,Trace Esports vs Titan Esports Club,Lotus
Champions Tour 2024: China Kickoff,Play-Ins,Round-Robin,Trace Esports vs Titan Esports Club,Split
Champions Tour 2024: China Kickoff,Play-Ins,Round-Robin,Bilibili Gaming vs Titan Esports Club,Lotus
Champions Tour 2024: China Kickoff,Play-Ins,Round-Robin,Bilibili Gaming vs Titan Esports Club,Ascent
Champions Tour 2024: China Kickoff,Play-Ins,Round-Robin,Bilibili Gaming vs Trace Esports,Lotus
Champions Tour 2024: China Kickoff,Play-Ins,Round-Robin,Bilibili Gaming vs Trace Esports,Sunset
Champions Tour 2024: China Kickoff,Play-Ins,Round-Robin,Bilibili Gaming vs Trace Esports,Bind
Champions Tour 2024: China Kickoff,Playoffs,Semifinals,FunPlus Phoenix vs Dragon Ranger Gaming,Ascent
Champions Tour 2024: China Kickoff,Playoffs,Semifinals,FunPlus Phoenix vs Dragon Ranger Gaming,Breeze
Champions Tour 2024: China Kickoff,Playoffs,Semifinals,EDward Gaming vs Trace Esports,Sunset
Champions Tour 2024: China Kickoff,Playoffs,Semifinals,EDward Gaming vs Trace Esports,Bind
Champions Tour 2024: China Kickoff,Playoffs,Grand Final,FunPlus Phoenix vs EDward Gaming,Breeze
Champions Tour 2024: China Kickoff,Playoffs,Grand Final,FunPlus Phoenix vs EDward Gaming,Split
Champions Tour 2024: China Kickoff,Playoffs,Grand Final,FunPlus Phoenix vs EDward Gaming,Icebox
Champions Tour 2024: China Kickoff,Playoffs,Grand Final,FunPlus Phoenix vs EDward Gaming,Ascent
Champions Tour 2024: EMEA Kickoff,Group Stage,Opening (A),FUT Esports vs Team Heretics,Lotus
Champions Tour 2024: EMEA Kickoff,Group Stage,Opening (A),FUT Esports vs Team Heretics,Bind
Champions Tour 2024: EMEA Kickoff,Group Stage,Opening (A),GIANTX vs Karmine Corp,Split
Champions Tour 2024: EMEA Kickoff,Group Stage,Opening (A),GIANTX vs Karmine Corp,Sunset
Champions Tour 2024: EMEA Kickoff,Group Stage,Opening (A),GIANTX vs Karmine Corp,Lotus
Champions Tour 2024: EMEA Kickoff,Group Stage,Opening (B),Natus Vincere vs BBL Esports,Bind
Champions Tour 2024: EMEA Kickoff,Group Stage,Opening (B),Natus Vincere vs BBL Esports,Ascent
Champions Tour 2024: EMEA Kickoff,Group Stage,Opening (B),Natus Vincere vs BBL Esports,Breeze
Champions Tour 2024: EMEA Kickoff,Group Stage,Opening (B),Team Liquid vs KOI,Icebox
Champions Tour 2024: EMEA Kickoff,Group Stage,Opening (B),Team Liquid vs KOI,Bind
Champions Tour 2024: EMEA Kickoff,Group Stage,Opening (C),Team Vitality vs Gentle Mates,Sunset
Champions Tour 2024: EMEA Kickoff,Group Stage,Opening (C),Team Vitality vs Gentle Mates,Lotus
Champions Tour 2024: EMEA Kickoff,Group Stage,Winner's (A),Team Heretics vs Karmine Corp,Split
Champions Tour 2024: EMEA Kickoff,Group Stage,Winner's (A),Team Heretics vs Karmine Corp,Lotus
Champions Tour 2024: EMEA Kickoff,Group Stage,Elimination (A),FUT Esports vs GIANTX,Split
Champions Tour 2024: EMEA Kickoff,Group Stage,Elimination (A),FUT Esports vs GIANTX,Icebox
Champions Tour 2024: EMEA Kickoff,Group Stage,Elimination (A),FUT Esports vs GIANTX,Sunset
Champions Tour 2024: EMEA Kickoff,Group Stage,Winner's (B),Natus Vincere vs Team Liquid,Split
Champions Tour 2024: EMEA Kickoff,Group Stage,Winner's (B),Natus Vincere vs Team Liquid,Breeze
Champions Tour 2024: EMEA Kickoff,Group Stage,Elimination (B),BBL Esports vs KOI,Bind
Champions Tour 2024: EMEA Kickoff,Group Stage,Elimination (B),BBL Esports vs KOI,Split
Champions Tour 2024: EMEA Kickoff,Group Stage,Winner's (C),Team Vitality vs FNATIC,Lotus
Champions Tour 2024: EMEA Kickoff,Group Stage,Winner's (C),Team Vitality vs FNATIC,Ascent
Champions Tour 2024: EMEA Kickoff,Group Stage,Decider (C),Team Vitality vs Gentle Mates,Breeze
Champions Tour 2024: EMEA Kickoff,Group Stage,Decider (C),Team Vitality vs Gentle Mates,Lotus
Champions Tour 2024: EMEA Kickoff,Group Stage,Decider (C),Team Vitality vs Gentle Mates,Sunset
Champions Tour 2024: EMEA Kickoff,Group Stage,Decider (A),Karmine Corp vs FUT Esports,Lotus
Champions Tour 2024: EMEA Kickoff,Group Stage,Decider (A),Karmine Corp vs FUT Esports,Bind
Champions Tour 2024: EMEA Kickoff,Group Stage,Decider (A),Karmine Corp vs FUT Esports,Sunset
Champions Tour 2024: EMEA Kickoff,Group Stage,Decider (B),Team Liquid vs KOI,Sunset
Champions Tour 2024: EMEA Kickoff,Group Stage,Decider (B),Team Liquid vs KOI,Icebox
Champions Tour 2024: EMEA Kickoff,Group Stage,Decider (B),Team Liquid vs KOI,Split
Champions Tour 2024: EMEA Kickoff,Play-In Stage,Play-ins,Karmine Corp vs Team Vitality,Sunset
Champions Tour 2024: EMEA Kickoff,Play-In Stage,Play-ins,Karmine Corp vs Team Vitality,Ascent
Champions Tour 2024: EMEA Kickoff,Play-In Stage,Play-ins,KOI vs Team Vitality,Sunset
Champions Tour 2024: EMEA Kickoff,Play-In Stage,Play-ins,KOI vs Team Vitality,Breeze
Champions Tour 2024: EMEA Kickoff,Play-In Stage,Play-ins,Karmine Corp vs KOI,Sunset
Champions Tour 2024: EMEA Kickoff,Play-In Stage,Play-ins,Karmine Corp vs KOI,Bind
Champions Tour 2024: EMEA Kickoff,Playoffs,Semifinals,Team Heretics vs Natus Vincere,Sunset
Champions Tour 2024: EMEA Kickoff,Playoffs,Semifinals,Team Heretics vs Natus Vincere,Breeze
Champions Tour 2024: EMEA Kickoff,Playoffs,Semifinals,FNATIC vs Karmine Corp,Lotus
Champions Tour 2024: EMEA Kickoff,Playoffs,Semifinals,FNATIC vs Karmine Corp,Split
Champions Tour 2024: EMEA Kickoff,Playoffs,Grand Final,Team Heretics vs Karmine Corp,Sunset
Champions Tour 2024: EMEA Kickoff,Playoffs,Grand Final,Team Heretics vs Karmine Corp,Lotus
Champions Tour 2024: EMEA Kickoff,Playoffs,Grand Final,Team Heretics vs Karmine Corp,Icebox
Champions Tour 2024: EMEA Kickoff,Playoffs,Grand Final,Team Heretics vs Karmine Corp,Split
Champions Tour 2024: Pacific Kickoff,Group Stage,Opening (A),T1 vs BLEED,Breeze
Champions Tour 2024: Pacific Kickoff,Group Stage,Opening (A),T1 vs BLEED,Lotus
Champions Tour 2024: Pacific Kickoff,Group Stage,Opening (C),Gen.G vs Rex Regum Qeon,Icebox
Champions Tour 2024: Pacific Kickoff,Group Stage,Opening (C),Gen.G vs Rex Regum Qeon,Split
Champions Tour 2024: Pacific Kickoff,Group Stage,Opening (C),Gen.G vs Rex Regum Qeon,Sunset
Champions Tour 2024: Pacific Kickoff,Group Stage,Opening (A),ZETA DIVISION vs Global Esports,Bind
Champions Tour 2024: Pacific Kickoff,Group Stage,Opening (A),ZETA DIVISION vs Global Esports,Icebox
Champions Tour 2024: Pacific Kickoff,Group Stage,Opening (B),Team Secret vs Talon Esports,Breeze
Champions Tour 2024: Pacific Kickoff,Group Stage,Opening (B),Team Secret vs Talon Esports,Ascent
Champions Tour 2024: Pacific Kickoff,Group Stage,Opening (B),DRX vs DetonatioN FocusMe,Lotus
Champions Tour 2024: Pacific Kickoff,Group Stage,Opening (B),DRX vs DetonatioN FocusMe,Breeze
Champions Tour 2024: Pacific Kickoff,Group Stage,Winner's (C),Gen.G vs Paper Rex,Breeze
Champions Tour 2024: Pacific Kickoff,Group Stage,Winner's (C),Gen.G vs Paper Rex,Lotus
Champions Tour 2024: Pacific Kickoff,Group Stage,Winner's (C),Gen.G vs Paper Rex,Sunset
Champions Tour 2024: Pacific Kickoff,Group Stage,Elimination (A),BLEED vs Global Esports,Sunset
Champions Tour 2024: Pacific Kickoff,Group Stage,Elimination (A),BLEED vs Global Esports,Icebox
Champions Tour 2024: Pacific Kickoff,Group Stage,Elimination (A),BLEED vs Global Esports,Split
Champions Tour 2024: Pacific Kickoff,Group Stage,Winner's (A),T1 vs ZETA DIVISION,Ascent
Champions Tour 2024: Pacific Kickoff,Group Stage,Winner's (A),T1 vs ZETA DIVISION,Lotus
Champions Tour 2024: Pacific Kickoff,Group Stage,Winner's (A),T1 vs ZETA DIVISION,Sunset
Champions Tour 2024: Pacific Kickoff,Group Stage,Elimination (B),DetonatioN FocusMe vs Team Secret,Lotus
Champions Tour 2024: Pacific Kickoff,Group Stage,Elimination (B),DetonatioN FocusMe vs Team Secret,Breeze
Champions Tour 2024: Pacific Kickoff,Group Stage,Winner's (B),DRX vs Talon Esports,Split
Champions Tour 2024: Pacific Kickoff,Group Stage,Winner's (B),DRX vs Talon Esports,Ascent
Champions Tour 2024: Pacific Kickoff,Group Stage,Decider (C),Gen.G vs Rex Regum Qeon,Lotus
Champions Tour 2024: Pacific Kickoff,Group Stage,Decider (C),Gen.G vs Rex Regum Qeon,Breeze
Champions Tour 2024: Pacific Kickoff,Group Stage,Decider (C),Gen.G vs Rex Regum Qeon,Icebox
Champions Tour 2024: Pacific Kickoff,Group Stage,Decider (B),Talon Esports vs Team Secret,Breeze
Champions Tour 2024: Pacific Kickoff,Group Stage,Decider (B),Talon Esports vs Team Secret,Ascent
Champions Tour 2024: Pacific Kickoff,Group Stage,Decider (A),ZETA DIVISION vs Global Esports,Bind
Champions Tour 2024: Pacific Kickoff,Group Stage,Decider (A),ZETA DIVISION vs Global Esports,Lotus
Champions Tour 2024: Pacific Kickoff,Play-Ins,Play-ins,Team Secret vs Gen.G,Breeze
Champions Tour 2024: Pacific Kickoff,Play-Ins,Play-ins,Team Secret vs Gen.G,Lotus
Champions Tour 2024: Pacific Kickoff,Play-Ins,Play-ins,Team Secret vs Gen.G,Icebox
Champions Tour 2024: Pacific Kickoff,Play-Ins,Play-ins,ZETA DIVISION vs Team Secret,Icebox
Champions Tour 2024: Pacific Kickoff,Play-Ins,Play-ins,ZETA DIVISION vs Team Secret,Ascent
Champions Tour 2024: Pacific Kickoff,Play-Ins,Play-ins,Gen.G vs ZETA DIVISION,Icebox
Champions Tour 2024: Pacific Kickoff,Play-Ins,Play-ins,Gen.G vs ZETA DIVISION,Ascent
Champions Tour 2024: Pacific Kickoff,Playoffs,Semifinals,T1 vs Paper Rex,Split
Champions Tour 2024: Pacific Kickoff,Playoffs,Semifinals,T1 vs Paper Rex,Ascent
Champions Tour 2024: Pacific Kickoff,Playoffs,Semifinals,DRX vs Gen.G,Bind
Champions Tour 2024: Pacific Kickoff,Playoffs,Semifinals,DRX vs Gen.G,Lotus
Champions Tour 2024: Pacific Kickoff,Playoffs,Grand Final,Paper Rex vs Gen.G,Ascent
Champions Tour 2024: Pacific Kickoff,Playoffs,Grand Final,Paper Rex vs Gen.G,Split
Champions Tour 2024: Pacific Kickoff,Playoffs,Grand Final,Paper Rex vs Gen.G,Lotus
Champions Tour 2024: Pacific Kickoff,Playoffs,Grand Final,Paper Rex vs Gen.G,Bind
