Tournament,Stage,Match Type,Map,Total Maps Played,Attacker Side Win Percentage,Defender Side Win Percentage
Valorant Champions 2024,Playoffs,Upper Quarterfinals,All Maps,8,53%,47%
Valorant Champions 2024,Playoffs,Upper Quarterfinals,Sunset,2,36%,64%
Valorant Champions 2024,Playoffs,Upper Quarterfinals,Abyss,2,64%,36%
Valorant Champions 2024,Playoffs,Upper Quarterfinals,Bind,1,75%,25%
Valorant Champions 2024,Playoffs,Upper Quarterfinals,Haven,1,38%,62%
Valorant Champions 2024,Playoffs,Upper Quarterfinals,Icebox,1,67%,33%
Valorant Champions 2024,Playoffs,Upper Quarterfinals,Lotus,1,44%,56%
Valorant Champions 2024,Playoffs,Upper Semifinals,All Maps,5,61%,39%
Valorant Champions 2024,Playoffs,Upper Semifinals,Lotus,2,58%,42%
Valorant Champions 2024,Playoffs,Upper Semifinals,Icebox,1,58%,42%
Valorant Champions 2024,Playoffs,Upper Semifinals,Haven,1,59%,41%
Valorant Champions 2024,Playoffs,Upper Semifinals,Sunset,1,74%,26%
Valorant Champions 2024,Playoffs,Upper Final,All Maps,3,38%,62%
Valorant Champions 2024,Playoffs,Upper Final,Icebox,1,25%,75%
Valorant Champions 2024,Playoffs,Upper Final,Abyss,1,46%,54%
Valorant Champions 2024,Playoffs,Upper Final,Lotus,1,47%,53%
Valorant Champions 2024,Playoffs,Grand Final,All Maps,5,58%,42%
Valorant Champions 2024,Playoffs,Grand Final,Abyss,1,59%,41%
Valorant Champions 2024,Playoffs,Grand Final,Bind,1,54%,46%
Valorant Champions 2024,Playoffs,Grand Final,Haven,1,37%,63%
Valorant Champions 2024,Playoffs,Grand Final,Lotus,1,59%,41%
Valorant Champions 2024,Playoffs,Grand Final,Sunset,1,82%,18%
Valorant Champions 2024,Playoffs,Lower Round 1,All Maps,4,54%,46%
Valorant Champions 2024,Playoffs,Lower Round 1,Abyss,1,39%,61%
Valorant Champions 2024,Playoffs,Lower Round 1,Bind,1,63%,38%
Valorant Champions 2024,Playoffs,Lower Round 1,Haven,1,44%,56%
Valorant Champions 2024,Playoffs,Lower Round 1,Lotus,1,69%,31%
Valorant Champions 2024,Playoffs,Lower Round 2,All Maps,6,60%,40%
Valorant Champions 2024,Playoffs,Lower Round 2,Sunset,2,67%,33%
Valorant Champions 2024,Playoffs,Lower Round 2,Abyss,1,39%,61%
Valorant Champions 2024,Playoffs,Lower Round 2,Bind,1,68%,32%
Valorant Champions 2024,Playoffs,Lower Round 2,Icebox,1,65%,35%
Valorant Champions 2024,Playoffs,Lower Round 2,Lotus,1,53%,47%
Valorant Champions 2024,Playoffs,Lower Round 3,All Maps,3,43%,57%
Valorant Champions 2024,Playoffs,Lower Round 3,Abyss,1,45%,55%
Valorant Champions 2024,Playoffs,Lower Round 3,Haven,1,52%,48%
Valorant Champions 2024,Playoffs,Lower Round 3,Icebox,1,32%,68%
Valorant Champions 2024,Playoffs,Lower Final,All Maps,4,57%,43%
Valorant Champions 2024,Playoffs,Lower Final,Icebox,1,55%,45%
Valorant Champions 2024,Playoffs,Lower Final,Abyss,1,32%,68%
Valorant Champions 2024,Playoffs,Lower Final,Lotus,1,81%,19%
Valorant Champions 2024,Playoffs,Lower Final,Sunset,1,67%,33%
Valorant Champions 2024,Group Stage,Opening (A),All Maps,5,40%,60%
Valorant Champions 2024,Group Stage,Opening (A),Bind,2,44%,56%
Valorant Champions 2024,Group Stage,Opening (A),Abyss,1,47%,53%
Valorant Champions 2024,Group Stage,Opening (A),Haven,1,33%,67%
Valorant Champions 2024,Group Stage,Opening (A),Lotus,1,29%,71%
Valorant Champions 2024,Group Stage,Winner's (A),All Maps,2,44%,56%
Valorant Champions 2024,Group Stage,Winner's (A),Abyss,1,46%,54%
Valorant Champions 2024,Group Stage,Winner's (A),Lotus,1,42%,58%
Valorant Champions 2024,Group Stage,Elimination (A),All Maps,2,56%,44%
Valorant Champions 2024,Group Stage,Elimination (A),Icebox,1,41%,59%
Valorant Champions 2024,Group Stage,Elimination (A),Lotus,1,68%,32%
Valorant Champions 2024,Group Stage,Decider (A),All Maps,3,58%,42%
Valorant Champions 2024,Group Stage,Decider (A),Haven,1,59%,41%
Valorant Champions 2024,Group Stage,Decider (A),Lotus,1,50%,50%
Valorant Champions 2024,Group Stage,Decider (A),Sunset,1,63%,38%
Valorant Champions 2024,Group Stage,Opening (B),All Maps,5,53%,47%
Valorant Champions 2024,Group Stage,Opening (B),Abyss,1,67%,33%
Valorant Champions 2024,Group Stage,Opening (B),Ascent,1,55%,45%
Valorant Champions 2024,Group Stage,Opening (B),Bind,1,41%,59%
Valorant Champions 2024,Group Stage,Opening (B),Haven,1,52%,48%
Valorant Champions 2024,Group Stage,Opening (B),Lotus,1,50%,50%
Valorant Champions 2024,Group Stage,Winner's (B),All Maps,3,62%,38%
Valorant Champions 2024,Group Stage,Winner's (B),Abyss,1,54%,46%
Valorant Champions 2024,Group Stage,Winner's (B),Bind,1,61%,39%
Valorant Champions 2024,Group Stage,Winner's (B),Lotus,1,71%,29%
Valorant Champions 2024,Group Stage,Elimination (B),All Maps,2,28%,72%
Valorant Champions 2024,Group Stage,Elimination (B),Bind,1,19%,81%
Valorant Champions 2024,Group Stage,Elimination (B),Lotus,1,39%,61%
Valorant Champions 2024,Group Stage,Decider (B),All Maps,2,54%,46%
Valorant Champions 2024,Group Stage,Decider (B),Icebox,1,58%,42%
Valorant Champions 2024,Group Stage,Decider (B),Lotus,1,50%,50%
Valorant Champions 2024,Group Stage,Opening (C),All Maps,5,51%,49%
Valorant Champions 2024,Group Stage,Opening (C),Ascent,2,51%,49%
Valorant Champions 2024,Group Stage,Opening (C),Bind,2,55%,45%
Valorant Champions 2024,Group Stage,Opening (C),Sunset,1,45%,55%
Valorant Champions 2024,Group Stage,Winner's (C),All Maps,3,44%,56%
Valorant Champions 2024,Group Stage,Winner's (C),Ascent,1,28%,72%
Valorant Champions 2024,Group Stage,Winner's (C),Bind,1,52%,48%
Valorant Champions 2024,Group Stage,Winner's (C),Sunset,1,50%,50%
Valorant Champions 2024,Group Stage,Elimination (C),All Maps,2,55%,45%
Valorant Champions 2024,Group Stage,Elimination (C),Sunset,1,38%,62%
Valorant Champions 2024,Group Stage,Elimination (C),Lotus,1,74%,26%
Valorant Champions 2024,Group Stage,Decider (C),All Maps,2,37%,63%
Valorant Champions 2024,Group Stage,Decider (C),Sunset,1,29%,71%
Valorant Champions 2024,Group Stage,Decider (C),Icebox,1,42%,58%
Valorant Champions 2024,Group Stage,Opening (D),All Maps,4,52%,48%
Valorant Champions 2024,Group Stage,Opening (D),Lotus,2,45%,55%
Valorant Champions 2024,Group Stage,Opening (D),Icebox,1,57%,43%
Valorant Champions 2024,Group Stage,Opening (D),Bind,1,61%,39%
Valorant Champions 2024,Group Stage,Winner's (D),All Maps,3,61%,39%
Valorant Champions 2024,Group Stage,Winner's (D),Bind,1,71%,29%
Valorant Champions 2024,Group Stage,Winner's (D),Haven,1,46%,54%
Valorant Champions 2024,Group Stage,Winner's (D),Icebox,1,67%,33%
Valorant Champions 2024,Group Stage,Elimination (D),All Maps,2,47%,53%
Valorant Champions 2024,Group Stage,Elimination (D),Sunset,1,54%,46%
Valorant Champions 2024,Group Stage,Elimination (D),Bind,1,37%,63%
Valorant Champions 2024,Group Stage,Decider (D),All Maps,3,50%,50%
Valorant Champions 2024,Group Stage,Decider (D),Icebox,1,56%,44%
Valorant Champions 2024,Group Stage,Decider (D),Lotus,1,59%,41%
Valorant Champions 2024,Group Stage,Decider (D),Sunset,1,38%,62%
Valorant Champions 2024,All Stages,All Match Types,All Maps,86,52%,48%
Valorant Champions 2024,All Stages,All Match Types,Lotus,20,55%,45%
Valorant Champions 2024,All Stages,All Match Types,Bind,15,54%,46%
Valorant Champions 2024,All Stages,All Match Types,Sunset,14,53%,47%
Valorant Champions 2024,All Stages,All Match Types,Abyss,12,51%,49%
Valorant Champions 2024,All Stages,All Match Types,Icebox,12,52%,48%
Valorant Champions 2024,All Stages,All Match Types,Haven,9,48%,52%
Valorant Champions 2024,All Stages,All Match Types,Ascent,4,47%,53%
Champions Tour 2024: China Stage 2,Playoffs,Knockout Round,All Maps,4,56%,44%
Champions Tour 2024: China Stage 2,Playoffs,Knockout Round,Sunset,2,58%,42%
Champions Tour 2024: China Stage 2,Playoffs,Knockout Round,Icebox,1,45%,55%
Champions Tour 2024: China Stage 2,Playoffs,Knockout Round,Lotus,1,65%,35%
Champions Tour 2024: China Stage 2,Playoffs,Upper Semifinals,All Maps,5,55%,45%
Champions Tour 2024: China Stage 2,Playoffs,Upper Semifinals,Ascent,1,44%,56%
Champions Tour 2024: China Stage 2,Playoffs,Upper Semifinals,Bind,1,45%,55%
Champions Tour 2024: China Stage 2,Playoffs,Upper Semifinals,Haven,1,71%,29%
Champions Tour 2024: China Stage 2,Playoffs,Upper Semifinals,Lotus,1,70%,30%
Champions Tour 2024: China Stage 2,Playoffs,Upper Semifinals,Sunset,1,39%,61%
Champions Tour 2024: China Stage 2,Playoffs,Upper Final,All Maps,2,64%,36%
Champions Tour 2024: China Stage 2,Playoffs,Upper Final,Sunset,1,67%,33%
Champions Tour 2024: China Stage 2,Playoffs,Upper Final,Abyss,1,61%,39%
Champions Tour 2024: China Stage 2,Playoffs,Grand Final,All Maps,5,60%,40%
Champions Tour 2024: China Stage 2,Playoffs,Grand Final,Abyss,1,52%,48%
Champions Tour 2024: China Stage 2,Playoffs,Grand Final,Bind,1,76%,24%
Champions Tour 2024: China Stage 2,Playoffs,Grand Final,Haven,1,35%,65%
Champions Tour 2024: China Stage 2,Playoffs,Grand Final,Icebox,1,68%,32%
Champions Tour 2024: China Stage 2,Playoffs,Grand Final,Sunset,1,68%,32%
Champions Tour 2024: China Stage 2,Playoffs,Lower Round 1,All Maps,3,54%,46%
Champions Tour 2024: China Stage 2,Playoffs,Lower Round 1,Icebox,1,58%,42%
Champions Tour 2024: China Stage 2,Playoffs,Lower Round 1,Ascent,1,44%,56%
Champions Tour 2024: China Stage 2,Playoffs,Lower Round 1,Lotus,1,57%,43%
Champions Tour 2024: China Stage 2,Playoffs,Lower Final,All Maps,5,53%,47%
Champions Tour 2024: China Stage 2,Playoffs,Lower Final,Abyss,1,52%,48%
Champions Tour 2024: China Stage 2,Playoffs,Lower Final,Ascent,1,38%,62%
Champions Tour 2024: China Stage 2,Playoffs,Lower Final,Bind,1,59%,41%
Champions Tour 2024: China Stage 2,Playoffs,Lower Final,Haven,1,62%,38%
Champions Tour 2024: China Stage 2,Playoffs,Lower Final,Lotus,1,54%,46%
Champions Tour 2024: China Stage 2,Regular Season,Week 1,All Maps,6,47%,53%
Champions Tour 2024: China Stage 2,Regular Season,Week 1,Sunset,2,46%,54%
Champions Tour 2024: China Stage 2,Regular Season,Week 1,Icebox,2,39%,61%
Champions Tour 2024: China Stage 2,Regular Season,Week 1,Bind,1,35%,65%
Champions Tour 2024: China Stage 2,Regular Season,Week 1,Lotus,1,71%,29%
Champions Tour 2024: China Stage 2,Regular Season,Week 2,All Maps,16,49%,51%
Champions Tour 2024: China Stage 2,Regular Season,Week 2,Sunset,4,56%,44%
Champions Tour 2024: China Stage 2,Regular Season,Week 2,Split,3,44%,56%
Champions Tour 2024: China Stage 2,Regular Season,Week 2,Ascent,2,36%,64%
Champions Tour 2024: China Stage 2,Regular Season,Week 2,Bind,2,41%,59%
Champions Tour 2024: China Stage 2,Regular Season,Week 2,Icebox,2,59%,41%
Champions Tour 2024: China Stage 2,Regular Season,Week 2,Lotus,2,46%,54%
Champions Tour 2024: China Stage 2,Regular Season,Week 2,Haven,1,72%,28%
Champions Tour 2024: China Stage 2,Regular Season,Week 3,All Maps,19,47%,53%
Champions Tour 2024: China Stage 2,Regular Season,Week 3,Sunset,4,50%,50%
Champions Tour 2024: China Stage 2,Regular Season,Week 3,Haven,4,44%,56%
Champions Tour 2024: China Stage 2,Regular Season,Week 3,Ascent,3,41%,59%
Champions Tour 2024: China Stage 2,Regular Season,Week 3,Bind,3,34%,66%
Champions Tour 2024: China Stage 2,Regular Season,Week 3,Lotus,3,47%,53%
Champions Tour 2024: China Stage 2,Regular Season,Week 3,Icebox,2,72%,28%
Champions Tour 2024: China Stage 2,Regular Season,Week 4,All Maps,18,48%,52%
Champions Tour 2024: China Stage 2,Regular Season,Week 4,Haven,6,49%,51%
Champions Tour 2024: China Stage 2,Regular Season,Week 4,Icebox,5,51%,49%
Champions Tour 2024: China Stage 2,Regular Season,Week 4,Ascent,2,44%,56%
Champions Tour 2024: China Stage 2,Regular Season,Week 4,Lotus,2,43%,57%
Champions Tour 2024: China Stage 2,Regular Season,Week 4,Sunset,2,44%,56%
Champions Tour 2024: China Stage 2,Regular Season,Week 4,Bind,1,57%,43%
Champions Tour 2024: China Stage 2,All Stages,All Match Types,All Maps,83,50%,50%
Champions Tour 2024: China Stage 2,All Stages,All Match Types,Sunset,17,53%,47%
Champions Tour 2024: China Stage 2,All Stages,All Match Types,Icebox,14,55%,45%
Champions Tour 2024: China Stage 2,All Stages,All Match Types,Haven,14,51%,49%
Champions Tour 2024: China Stage 2,All Stages,All Match Types,Lotus,12,53%,47%
Champions Tour 2024: China Stage 2,All Stages,All Match Types,Ascent,10,41%,59%
Champions Tour 2024: China Stage 2,All Stages,All Match Types,Bind,10,46%,54%
Champions Tour 2024: China Stage 2,All Stages,All Match Types,Abyss,3,55%,45%
Champions Tour 2024: China Stage 2,All Stages,All Match Types,Split,3,44%,56%
Champions Tour 2024: EMEA Stage 2,Playoffs,Knockout Round,All Maps,6,52%,48%
Champions Tour 2024: EMEA Stage 2,Playoffs,Knockout Round,Sunset,2,60%,40%
Champions Tour 2024: EMEA Stage 2,Playoffs,Knockout Round,Ascent,1,25%,75%
Champions Tour 2024: EMEA Stage 2,Playoffs,Knockout Round,Haven,1,62%,38%
Champions Tour 2024: EMEA Stage 2,Playoffs,Knockout Round,Icebox,1,55%,45%
Champions Tour 2024: EMEA Stage 2,Playoffs,Knockout Round,Lotus,1,53%,47%
Champions Tour 2024: EMEA Stage 2,Playoffs,Upper Semifinals,All Maps,5,48%,52%
Champions Tour 2024: EMEA Stage 2,Playoffs,Upper Semifinals,Sunset,2,53%,47%
Champions Tour 2024: EMEA Stage 2,Playoffs,Upper Semifinals,Bind,1,58%,42%
Champions Tour 2024: EMEA Stage 2,Playoffs,Upper Semifinals,Haven,1,50%,50%
Champions Tour 2024: EMEA Stage 2,Playoffs,Upper Semifinals,Icebox,1,25%,75%
Champions Tour 2024: EMEA Stage 2,Playoffs,Upper Final,All Maps,2,51%,49%
Champions Tour 2024: EMEA Stage 2,Playoffs,Upper Final,Sunset,1,37%,63%
Champions Tour 2024: EMEA Stage 2,Playoffs,Upper Final,Lotus,1,63%,38%
Champions Tour 2024: EMEA Stage 2,Playoffs,Grand Final,All Maps,4,42%,58%
Champions Tour 2024: EMEA Stage 2,Playoffs,Grand Final,Ascent,1,59%,41%
Champions Tour 2024: EMEA Stage 2,Playoffs,Grand Final,Bind,1,31%,69%
Champions Tour 2024: EMEA Stage 2,Playoffs,Grand Final,Haven,1,33%,67%
Champions Tour 2024: EMEA Stage 2,Playoffs,Grand Final,Lotus,1,41%,59%
Champions Tour 2024: EMEA Stage 2,Playoffs,Lower Round 1,All Maps,2,53%,47%
Champions Tour 2024: EMEA Stage 2,Playoffs,Lower Round 1,Sunset,1,63%,38%
Champions Tour 2024: EMEA Stage 2,Playoffs,Lower Round 1,Abyss,1,43%,57%
Champions Tour 2024: EMEA Stage 2,Playoffs,Lower Final,All Maps,4,49%,51%
Champions Tour 2024: EMEA Stage 2,Playoffs,Lower Final,Icebox,1,37%,63%
Champions Tour 2024: EMEA Stage 2,Playoffs,Lower Final,Haven,1,59%,41%
Champions Tour 2024: EMEA Stage 2,Playoffs,Lower Final,Lotus,1,44%,56%
Champions Tour 2024: EMEA Stage 2,Playoffs,Lower Final,Sunset,1,53%,47%
Champions Tour 2024: EMEA Stage 2,Regular Season,Week 1,All Maps,17,54%,46%
Champions Tour 2024: EMEA Stage 2,Regular Season,Week 1,Lotus,5,49%,51%
Champions Tour 2024: EMEA Stage 2,Regular Season,Week 1,Sunset,4,53%,47%
Champions Tour 2024: EMEA Stage 2,Regular Season,Week 1,Ascent,2,61%,39%
Champions Tour 2024: EMEA Stage 2,Regular Season,Week 1,Bind,2,48%,52%
Champions Tour 2024: EMEA Stage 2,Regular Season,Week 1,Split,2,59%,41%
Champions Tour 2024: EMEA Stage 2,Regular Season,Week 1,Breeze,1,38%,63%
Champions Tour 2024: EMEA Stage 2,Regular Season,Week 1,Icebox,1,83%,17%
Champions Tour 2024: EMEA Stage 2,Regular Season,Week 2,All Maps,15,51%,49%
Champions Tour 2024: EMEA Stage 2,Regular Season,Week 2,Lotus,4,52%,48%
Champions Tour 2024: EMEA Stage 2,Regular Season,Week 2,Sunset,3,54%,46%
Champions Tour 2024: EMEA Stage 2,Regular Season,Week 2,Ascent,2,44%,56%
Champions Tour 2024: EMEA Stage 2,Regular Season,Week 2,Haven,2,54%,46%
Champions Tour 2024: EMEA Stage 2,Regular Season,Week 2,Icebox,2,53%,47%
Champions Tour 2024: EMEA Stage 2,Regular Season,Week 2,Split,2,47%,53%
Champions Tour 2024: EMEA Stage 2,Regular Season,Week 3,All Maps,15,49%,51%
Champions Tour 2024: EMEA Stage 2,Regular Season,Week 3,Sunset,4,51%,49%
Champions Tour 2024: EMEA Stage 2,Regular Season,Week 3,Split,3,58%,42%
Champions Tour 2024: EMEA Stage 2,Regular Season,Week 3,Icebox,2,33%,67%
Champions Tour 2024: EMEA Stage 2,Regular Season,Week 3,Bind,2,52%,48%
Champions Tour 2024: EMEA Stage 2,Regular Season,Week 3,Lotus,2,29%,71%
Champions Tour 2024: EMEA Stage 2,Regular Season,Week 3,Ascent,1,55%,45%
Champions Tour 2024: EMEA Stage 2,Regular Season,Week 3,Haven,1,77%,23%
Champions Tour 2024: EMEA Stage 2,Regular Season,Week 4,All Maps,13,51%,49%
Champions Tour 2024: EMEA Stage 2,Regular Season,Week 4,Icebox,3,45%,55%
Champions Tour 2024: EMEA Stage 2,Regular Season,Week 4,Haven,2,58%,42%
Champions Tour 2024: EMEA Stage 2,Regular Season,Week 4,Lotus,2,51%,49%
Champions Tour 2024: EMEA Stage 2,Regular Season,Week 4,Split,2,34%,66%
Champions Tour 2024: EMEA Stage 2,Regular Season,Week 4,Sunset,2,57%,43%
Champions Tour 2024: EMEA Stage 2,Regular Season,Week 4,Ascent,1,62%,38%
Champions Tour 2024: EMEA Stage 2,Regular Season,Week 4,Bind,1,59%,41%
Champions Tour 2024: EMEA Stage 2,All Stages,All Match Types,All Maps,83,51%,49%
Champions Tour 2024: EMEA Stage 2,All Stages,All Match Types,Sunset,20,54%,46%
Champions Tour 2024: EMEA Stage 2,All Stages,All Match Types,Lotus,17,48%,52%
Champions Tour 2024: EMEA Stage 2,All Stages,All Match Types,Icebox,11,46%,54%
Champions Tour 2024: EMEA Stage 2,All Stages,All Match Types,Haven,9,57%,43%
Champions Tour 2024: EMEA Stage 2,All Stages,All Match Types,Split,9,50%,50%
Champions Tour 2024: EMEA Stage 2,All Stages,All Match Types,Ascent,8,52%,48%
Champions Tour 2024: EMEA Stage 2,All Stages,All Match Types,Bind,7,51%,49%
Champions Tour 2024: EMEA Stage 2,All Stages,All Match Types,Abyss,1,43%,57%
Champions Tour 2024: EMEA Stage 2,All Stages,All Match Types,Breeze,1,38%,63%
Champions Tour 2024: Americas Stage 2,Playoffs,Knockout Round,All Maps,5,60%,40%
Champions Tour 2024: Americas Stage 2,Playoffs,Knockout Round,Haven,2,51%,49%
Champions Tour 2024: Americas Stage 2,Playoffs,Knockout Round,Abyss,1,46%,54%
Champions Tour 2024: Americas Stage 2,Playoffs,Knockout Round,Ascent,1,61%,39%
Champions Tour 2024: Americas Stage 2,Playoffs,Knockout Round,Lotus,1,88%,13%
Champions Tour 2024: Americas Stage 2,Playoffs,Upper Semifinals,All Maps,4,44%,56%
Champions Tour 2024: Americas Stage 2,Playoffs,Upper Semifinals,Icebox,1,33%,67%
Champions Tour 2024: Americas Stage 2,Playoffs,Upper Semifinals,Abyss,1,48%,52%
Champions Tour 2024: Americas Stage 2,Playoffs,Upper Semifinals,Lotus,1,61%,39%
Champions Tour 2024: Americas Stage 2,Playoffs,Upper Semifinals,Sunset,1,29%,71%
Champions Tour 2024: Americas Stage 2,Playoffs,Upper Final,All Maps,2,65%,35%
Champions Tour 2024: Americas Stage 2,Playoffs,Upper Final,Icebox,1,76%,24%
Champions Tour 2024: Americas Stage 2,Playoffs,Upper Final,Bind,1,53%,47%
Champions Tour 2024: Americas Stage 2,Playoffs,Grand Final,All Maps,4,40%,60%
Champions Tour 2024: Americas Stage 2,Playoffs,Grand Final,Ascent,1,47%,53%
Champions Tour 2024: Americas Stage 2,Playoffs,Grand Final,Bind,1,23%,77%
Champions Tour 2024: Americas Stage 2,Playoffs,Grand Final,Haven,1,42%,58%
Champions Tour 2024: Americas Stage 2,Playoffs,Grand Final,Lotus,1,50%,50%
Champions Tour 2024: Americas Stage 2,Playoffs,Lower Round 1,All Maps,3,44%,56%
Champions Tour 2024: Americas Stage 2,Playoffs,Lower Round 1,Icebox,1,41%,59%
Champions Tour 2024: Americas Stage 2,Playoffs,Lower Round 1,Ascent,1,38%,63%
Champions Tour 2024: Americas Stage 2,Playoffs,Lower Round 1,Lotus,1,54%,46%
Champions Tour 2024: Americas Stage 2,Playoffs,Lower Final,All Maps,5,55%,45%
Champions Tour 2024: Americas Stage 2,Playoffs,Lower Final,Abyss,1,39%,61%
Champions Tour 2024: Americas Stage 2,Playoffs,Lower Final,Ascent,1,61%,39%
Champions Tour 2024: Americas Stage 2,Playoffs,Lower Final,Haven,1,38%,63%
Champions Tour 2024: Americas Stage 2,Playoffs,Lower Final,Icebox,1,81%,19%
Champions Tour 2024: Americas Stage 2,Playoffs,Lower Final,Sunset,1,65%,35%
Champions Tour 2024: Americas Stage 2,Regular Season,Week 1,All Maps,12,51%,49%
Champions Tour 2024: Americas Stage 2,Regular Season,Week 1,Icebox,4,50%,50%
Champions Tour 2024: Americas Stage 2,Regular Season,Week 1,Lotus,3,47%,53%
Champions Tour 2024: Americas Stage 2,Regular Season,Week 1,Ascent,2,43%,57%
Champions Tour 2024: Americas Stage 2,Regular Season,Week 1,Sunset,2,56%,44%
Champions Tour 2024: Americas Stage 2,Regular Season,Week 1,Haven,1,75%,25%
Champions Tour 2024: Americas Stage 2,Regular Season,Week 2,All Maps,23,50%,50%
Champions Tour 2024: Americas Stage 2,Regular Season,Week 2,Bind,4,54%,46%
Champions Tour 2024: Americas Stage 2,Regular Season,Week 2,Haven,4,48%,52%
Champions Tour 2024: Americas Stage 2,Regular Season,Week 2,Split,4,44%,56%
Champions Tour 2024: Americas Stage 2,Regular Season,Week 2,Icebox,3,49%,51%
Champions Tour 2024: Americas Stage 2,Regular Season,Week 2,Lotus,3,51%,49%
Champions Tour 2024: Americas Stage 2,Regular Season,Week 2,Sunset,3,60%,40%
Champions Tour 2024: Americas Stage 2,Regular Season,Week 2,Ascent,2,46%,54%
Champions Tour 2024: Americas Stage 2,Regular Season,Week 3,All Maps,13,55%,45%
Champions Tour 2024: Americas Stage 2,Regular Season,Week 3,Icebox,3,50%,50%
Champions Tour 2024: Americas Stage 2,Regular Season,Week 3,Ascent,3,60%,40%
Champions Tour 2024: Americas Stage 2,Regular Season,Week 3,Lotus,3,48%,52%
Champions Tour 2024: Americas Stage 2,Regular Season,Week 3,Sunset,2,57%,43%
Champions Tour 2024: Americas Stage 2,Regular Season,Week 3,Bind,1,61%,39%
Champions Tour 2024: Americas Stage 2,Regular Season,Week 3,Split,1,61%,39%
Champions Tour 2024: Americas Stage 2,Regular Season,Week 4,All Maps,11,49%,51%
Champions Tour 2024: Americas Stage 2,Regular Season,Week 4,Bind,3,52%,48%
Champions Tour 2024: Americas Stage 2,Regular Season,Week 4,Lotus,3,50%,50%
Champions Tour 2024: Americas Stage 2,Regular Season,Week 4,Icebox,2,51%,49%
Champions Tour 2024: Americas Stage 2,Regular Season,Week 4,Ascent,1,21%,79%
Champions Tour 2024: Americas Stage 2,Regular Season,Week 4,Split,1,52%,48%
Champions Tour 2024: Americas Stage 2,Regular Season,Week 4,Sunset,1,53%,47%
Champions Tour 2024: Americas Stage 2,All Stages,All Match Types,All Maps,82,51%,49%
Champions Tour 2024: Americas Stage 2,All Stages,All Match Types,Icebox,16,52%,48%
Champions Tour 2024: Americas Stage 2,All Stages,All Match Types,Lotus,16,53%,47%
Champions Tour 2024: Americas Stage 2,All Stages,All Match Types,Ascent,12,50%,50%
Champions Tour 2024: Americas Stage 2,All Stages,All Match Types,Bind,10,50%,50%
Champions Tour 2024: Americas Stage 2,All Stages,All Match Types,Sunset,10,56%,44%
Champions Tour 2024: Americas Stage 2,All Stages,All Match Types,Haven,9,50%,50%
Champions Tour 2024: Americas Stage 2,All Stages,All Match Types,Split,6,48%,52%
Champions Tour 2024: Americas Stage 2,All Stages,All Match Types,Abyss,3,44%,56%
Champions Tour 2024: Pacific Stage 2,Playoffs,Knockout Round,All Maps,4,49%,51%
Champions Tour 2024: Pacific Stage 2,Playoffs,Knockout Round,Abyss,1,46%,54%
Champions Tour 2024: Pacific Stage 2,Playoffs,Knockout Round,Bind,1,54%,46%
Champions Tour 2024: Pacific Stage 2,Playoffs,Knockout Round,Haven,1,52%,48%
Champions Tour 2024: Pacific Stage 2,Playoffs,Knockout Round,Lotus,1,46%,54%
Champions Tour 2024: Pacific Stage 2,Playoffs,Upper Semifinals,All Maps,4,44%,56%
Champions Tour 2024: Pacific Stage 2,Playoffs,Upper Semifinals,Ascent,2,39%,61%
Champions Tour 2024: Pacific Stage 2,Playoffs,Upper Semifinals,Abyss,1,53%,47%
Champions Tour 2024: Pacific Stage 2,Playoffs,Upper Semifinals,Icebox,1,50%,50%
Champions Tour 2024: Pacific Stage 2,Playoffs,Upper Final,All Maps,3,44%,56%
Champions Tour 2024: Pacific Stage 2,Playoffs,Upper Final,Bind,1,58%,42%
Champions Tour 2024: Pacific Stage 2,Playoffs,Upper Final,Haven,1,32%,68%
Champions Tour 2024: Pacific Stage 2,Playoffs,Upper Final,Sunset,1,43%,57%
Champions Tour 2024: Pacific Stage 2,Playoffs,Grand Final,All Maps,4,57%,43%
Champions Tour 2024: Pacific Stage 2,Playoffs,Grand Final,Bind,1,42%,58%
Champions Tour 2024: Pacific Stage 2,Playoffs,Grand Final,Haven,1,74%,26%
Champions Tour 2024: Pacific Stage 2,Playoffs,Grand Final,Icebox,1,58%,42%
Champions Tour 2024: Pacific Stage 2,Playoffs,Grand Final,Lotus,1,58%,42%
Champions Tour 2024: Pacific Stage 2,Playoffs,Lower Round 1,All Maps,2,44%,56%
Champions Tour 2024: Pacific Stage 2,Playoffs,Lower Round 1,Sunset,1,56%,44%
Champions Tour 2024: Pacific Stage 2,Playoffs,Lower Round 1,Ascent,1,31%,69%
Champions Tour 2024: Pacific Stage 2,Playoffs,Lower Final,All Maps,5,42%,58%
Champions Tour 2024: Pacific Stage 2,Playoffs,Lower Final,Abyss,1,35%,65%
Champions Tour 2024: Pacific Stage 2,Playoffs,Lower Final,Ascent,1,45%,55%
Champions Tour 2024: Pacific Stage 2,Playoffs,Lower Final,Bind,1,39%,61%
Champions Tour 2024: Pacific Stage 2,Playoffs,Lower Final,Icebox,1,43%,57%
Champions Tour 2024: Pacific Stage 2,Playoffs,Lower Final,Lotus,1,48%,52%
Champions Tour 2024: Pacific Stage 2,Regular Season,Week 1,All Maps,15,51%,49%
Champions Tour 2024: Pacific Stage 2,Regular Season,Week 1,Sunset,5,47%,53%
Champions Tour 2024: Pacific Stage 2,Regular Season,Week 1,Icebox,3,70%,30%
Champions Tour 2024: Pacific Stage 2,Regular Season,Week 1,Ascent,3,38%,62%
Champions Tour 2024: Pacific Stage 2,Regular Season,Week 1,Split,2,51%,49%
Champions Tour 2024: Pacific Stage 2,Regular Season,Week 1,Breeze,1,71%,29%
Champions Tour 2024: Pacific Stage 2,Regular Season,Week 1,Lotus,1,39%,61%
Champions Tour 2024: Pacific Stage 2,Regular Season,Week 2,All Maps,16,54%,46%
Champions Tour 2024: Pacific Stage 2,Regular Season,Week 2,Icebox,3,72%,28%
Champions Tour 2024: Pacific Stage 2,Regular Season,Week 2,Haven,3,56%,44%
Champions Tour 2024: Pacific Stage 2,Regular Season,Week 2,Split,3,40%,60%
Champions Tour 2024: Pacific Stage 2,Regular Season,Week 2,Sunset,3,46%,54%
Champions Tour 2024: Pacific Stage 2,Regular Season,Week 2,Ascent,2,54%,46%
Champions Tour 2024: Pacific Stage 2,Regular Season,Week 2,Lotus,2,56%,44%
Champions Tour 2024: Pacific Stage 2,Regular Season,Week 3,All Maps,15,60%,40%
Champions Tour 2024: Pacific Stage 2,Regular Season,Week 3,Sunset,4,56%,44%
Champions Tour 2024: Pacific Stage 2,Regular Season,Week 3,Icebox,4,67%,33%
Champions Tour 2024: Pacific Stage 2,Regular Season,Week 3,Ascent,3,67%,33%
Champions Tour 2024: Pacific Stage 2,Regular Season,Week 3,Lotus,2,44%,56%
Champions Tour 2024: Pacific Stage 2,Regular Season,Week 3,Haven,1,52%,48%
Champions Tour 2024: Pacific Stage 2,Regular Season,Week 3,Split,1,62%,38%
Champions Tour 2024: Pacific Stage 2,Regular Season,Week 4,All Maps,20,50%,50%
Champions Tour 2024: Pacific Stage 2,Regular Season,Week 4,Ascent,6,54%,46%
Champions Tour 2024: Pacific Stage 2,Regular Season,Week 4,Lotus,6,49%,51%
Champions Tour 2024: Pacific Stage 2,Regular Season,Week 4,Sunset,3,59%,41%
Champions Tour 2024: Pacific Stage 2,Regular Season,Week 4,Haven,2,56%,44%
Champions Tour 2024: Pacific Stage 2,Regular Season,Week 4,Bind,1,21%,79%
Champions Tour 2024: Pacific Stage 2,Regular Season,Week 4,Icebox,1,55%,45%
Champions Tour 2024: Pacific Stage 2,Regular Season,Week 4,Split,1,25%,75%
Champions Tour 2024: Pacific Stage 2,All Stages,All Match Types,All Maps,88,52%,48%
Champions Tour 2024: Pacific Stage 2,All Stages,All Match Types,Ascent,18,50%,50%
Champions Tour 2024: Pacific Stage 2,All Stages,All Match Types,Sunset,17,51%,49%
Champions Tour 2024: Pacific Stage 2,All Stages,All Match Types,Icebox,14,64%,36%
Champions Tour 2024: Pacific Stage 2,All Stages,All Match Types,Lotus,14,49%,51%
Champions Tour 2024: Pacific Stage 2,All Stages,All Match Types,Haven,9,54%,46%
Champions Tour 2024: Pacific Stage 2,All Stages,All Match Types,Split,7,44%,56%
Champions Tour 2024: Pacific Stage 2,All Stages,All Match Types,Bind,5,42%,58%
Champions Tour 2024: Pacific Stage 2,All Stages,All Match Types,Abyss,3,44%,56%
Champions Tour 2024: Pacific Stage 2,All Stages,All Match Types,Breeze,1,71%,29%
Champions Tour 2024: Masters Shanghai,Playoffs,Upper Quarterfinals,All Maps,10,51%,49%
Champions Tour 2024: Masters Shanghai,Playoffs,Upper Quarterfinals,Bind,3,59%,41%
Champions Tour 2024: Masters Shanghai,Playoffs,Upper Quarterfinals,Lotus,2,37%,63%
Champions Tour 2024: Masters Shanghai,Playoffs,Upper Quarterfinals,Split,2,61%,39%
Champions Tour 2024: Masters Shanghai,Playoffs,Upper Quarterfinals,Breeze,1,63%,38%
Champions Tour 2024: Masters Shanghai,Playoffs,Upper Quarterfinals,Icebox,1,20%,80%
Champions Tour 2024: Masters Shanghai,Playoffs,Upper Quarterfinals,Sunset,1,47%,53%
Champions Tour 2024: Masters Shanghai,Playoffs,Upper Semifinals,All Maps,5,32%,68%
Champions Tour 2024: Masters Shanghai,Playoffs,Upper Semifinals,Icebox,2,28%,72%
Champions Tour 2024: Masters Shanghai,Playoffs,Upper Semifinals,Ascent,2,28%,72%
Champions Tour 2024: Masters Shanghai,Playoffs,Upper Semifinals,Lotus,1,53%,47%
Champions Tour 2024: Masters Shanghai,Playoffs,Upper Final,All Maps,2,57%,43%
Champions Tour 2024: Masters Shanghai,Playoffs,Upper Final,Ascent,1,61%,39%
Champions Tour 2024: Masters Shanghai,Playoffs,Upper Final,Lotus,1,52%,48%
Champions Tour 2024: Masters Shanghai,Playoffs,Grand Final,All Maps,5,43%,57%
Champions Tour 2024: Masters Shanghai,Playoffs,Grand Final,Ascent,1,59%,41%
Champions Tour 2024: Masters Shanghai,Playoffs,Grand Final,Breeze,1,26%,74%
Champions Tour 2024: Masters Shanghai,Playoffs,Grand Final,Icebox,1,32%,68%
Champions Tour 2024: Masters Shanghai,Playoffs,Grand Final,Lotus,1,41%,59%
Champions Tour 2024: Masters Shanghai,Playoffs,Grand Final,Split,1,56%,44%
Champions Tour 2024: Masters Shanghai,Playoffs,Lower Round 1,All Maps,5,53%,47%
Champions Tour 2024: Masters Shanghai,Playoffs,Lower Round 1,Ascent,1,44%,56%
Champions Tour 2024: Masters Shanghai,Playoffs,Lower Round 1,Bind,1,46%,54%
Champions Tour 2024: Masters Shanghai,Playoffs,Lower Round 1,Lotus,1,67%,33%
Champions Tour 2024: Masters Shanghai,Playoffs,Lower Round 1,Split,1,61%,39%
Champions Tour 2024: Masters Shanghai,Playoffs,Lower Round 1,Sunset,1,47%,53%
Champions Tour 2024: Masters Shanghai,Playoffs,Lower Round 2,All Maps,5,52%,48%
Champions Tour 2024: Masters Shanghai,Playoffs,Lower Round 2,Sunset,2,53%,48%
Champions Tour 2024: Masters Shanghai,Playoffs,Lower Round 2,Bind,1,65%,35%
Champions Tour 2024: Masters Shanghai,Playoffs,Lower Round 2,Breeze,1,50%,50%
Champions Tour 2024: Masters Shanghai,Playoffs,Lower Round 2,Icebox,1,42%,58%
Champions Tour 2024: Masters Shanghai,Playoffs,Lower Round 3,All Maps,2,50%,50%
Champions Tour 2024: Masters Shanghai,Playoffs,Lower Round 3,Sunset,1,21%,79%
Champions Tour 2024: Masters Shanghai,Playoffs,Lower Round 3,Bind,1,67%,33%
Champions Tour 2024: Masters Shanghai,Playoffs,Lower Final,All Maps,3,60%,40%
Champions Tour 2024: Masters Shanghai,Playoffs,Lower Final,Icebox,1,47%,53%
Champions Tour 2024: Masters Shanghai,Playoffs,Lower Final,Bind,1,67%,33%
Champions Tour 2024: Masters Shanghai,Playoffs,Lower Final,Lotus,1,67%,33%
Champions Tour 2024: Masters Shanghai,Swiss Stage,Round 1,All Maps,11,55%,45%
Champions Tour 2024: Masters Shanghai,Swiss Stage,Round 1,Icebox,4,61%,39%
Champions Tour 2024: Masters Shanghai,Swiss Stage,Round 1,Lotus,3,50%,50%
Champions Tour 2024: Masters Shanghai,Swiss Stage,Round 1,Breeze,2,54%,46%
Champions Tour 2024: Masters Shanghai,Swiss Stage,Round 1,Sunset,2,53%,47%
Champions Tour 2024: Masters Shanghai,Swiss Stage,Round 2,All Maps,10,49%,51%
Champions Tour 2024: Masters Shanghai,Swiss Stage,Round 2,Ascent,2,40%,60%
Champions Tour 2024: Masters Shanghai,Swiss Stage,Round 2,Bind,2,62%,38%
Champions Tour 2024: Masters Shanghai,Swiss Stage,Round 2,Lotus,2,63%,37%
Champions Tour 2024: Masters Shanghai,Swiss Stage,Round 2,Sunset,2,30%,70%
Champions Tour 2024: Masters Shanghai,Swiss Stage,Round 2,Breeze,1,32%,68%
Champions Tour 2024: Masters Shanghai,Swiss Stage,Round 2,Split,1,67%,33%
Champions Tour 2024: Masters Shanghai,Swiss Stage,Round 3,All Maps,6,63%,37%
Champions Tour 2024: Masters Shanghai,Swiss Stage,Round 3,Sunset,2,74%,26%
Champions Tour 2024: Masters Shanghai,Swiss Stage,Round 3,Lotus,2,53%,47%
Champions Tour 2024: Masters Shanghai,Swiss Stage,Round 3,Icebox,1,83%,17%
Champions Tour 2024: Masters Shanghai,Swiss Stage,Round 3,Bind,1,46%,54%
Champions Tour 2024: Masters Shanghai,All Stages,All Match Types,All Maps,64,51%,49%
Champions Tour 2024: Masters Shanghai,All Stages,All Match Types,Lotus,14,53%,47%
Champions Tour 2024: Masters Shanghai,All Stages,All Match Types,Icebox,11,48%,52%
Champions Tour 2024: Masters Shanghai,All Stages,All Match Types,Sunset,11,48%,52%
Champions Tour 2024: Masters Shanghai,All Stages,All Match Types,Bind,10,59%,41%
Champions Tour 2024: Masters Shanghai,All Stages,All Match Types,Ascent,7,42%,58%
Champions Tour 2024: Masters Shanghai,All Stages,All Match Types,Breeze,6,47%,53%
Champions Tour 2024: Masters Shanghai,All Stages,All Match Types,Split,5,62%,38%
Champions Tour 2024: Pacific Stage 1,Playoffs,Knockout Round,All Maps,5,46%,54%
Champions Tour 2024: Pacific Stage 1,Playoffs,Knockout Round,Sunset,2,22%,78%
Champions Tour 2024: Pacific Stage 1,Playoffs,Knockout Round,Lotus,2,70%,30%
Champions Tour 2024: Pacific Stage 1,Playoffs,Knockout Round,Bind,1,65%,35%
Champions Tour 2024: Pacific Stage 1,Playoffs,Upper Semifinals,All Maps,6,47%,53%
Champions Tour 2024: Pacific Stage 1,Playoffs,Upper Semifinals,Ascent,2,33%,67%
Champions Tour 2024: Pacific Stage 1,Playoffs,Upper Semifinals,Bind,1,53%,47%
Champions Tour 2024: Pacific Stage 1,Playoffs,Upper Semifinals,Breeze,1,55%,45%
Champions Tour 2024: Pacific Stage 1,Playoffs,Upper Semifinals,Lotus,1,47%,53%
Champions Tour 2024: Pacific Stage 1,Playoffs,Upper Semifinals,Sunset,1,62%,38%
Champions Tour 2024: Pacific Stage 1,Playoffs,Upper Final,All Maps,2,53%,47%
Champions Tour 2024: Pacific Stage 1,Playoffs,Upper Final,Sunset,1,28%,72%
Champions Tour 2024: Pacific Stage 1,Playoffs,Upper Final,Lotus,1,81%,19%
Champions Tour 2024: Pacific Stage 1,Playoffs,Lower Round 1,All Maps,3,56%,44%
Champions Tour 2024: Pacific Stage 1,Playoffs,Lower Round 1,Ascent,1,57%,43%
Champions Tour 2024: Pacific Stage 1,Playoffs,Lower Round 1,Bind,1,38%,62%
Champions Tour 2024: Pacific Stage 1,Playoffs,Lower Round 1,Sunset,1,71%,29%
Champions Tour 2024: Pacific Stage 1,Playoffs,Lower Final,All Maps,3,41%,59%
Champions Tour 2024: Pacific Stage 1,Playoffs,Lower Final,Icebox,1,38%,63%
Champions Tour 2024: Pacific Stage 1,Playoffs,Lower Final,Bind,1,50%,50%
Champions Tour 2024: Pacific Stage 1,Playoffs,Lower Final,Lotus,1,33%,67%
Champions Tour 2024: Pacific Stage 1,Playoffs,Grand Final,All Maps,5,50%,50%
Champions Tour 2024: Pacific Stage 1,Playoffs,Grand Final,Icebox,1,54%,46%
Champions Tour 2024: Pacific Stage 1,Playoffs,Grand Final,Bind,1,59%,41%
Champions Tour 2024: Pacific Stage 1,Playoffs,Grand Final,Lotus,1,59%,41%
Champions Tour 2024: Pacific Stage 1,Playoffs,Grand Final,Split,1,29%,71%
Champions Tour 2024: Pacific Stage 1,Playoffs,Grand Final,Sunset,1,50%,50%
Champions Tour 2024: Pacific Stage 1,Regular Season,Week 1,All Maps,20,46%,54%
Champions Tour 2024: Pacific Stage 1,Regular Season,Week 1,Lotus,6,39%,61%
Champions Tour 2024: Pacific Stage 1,Regular Season,Week 1,Ascent,4,47%,53%
Champions Tour 2024: Pacific Stage 1,Regular Season,Week 1,Icebox,3,50%,50%
Champions Tour 2024: Pacific Stage 1,Regular Season,Week 1,Sunset,3,51%,49%
Champions Tour 2024: Pacific Stage 1,Regular Season,Week 1,Bind,2,48%,52%
Champions Tour 2024: Pacific Stage 1,Regular Season,Week 1,Breeze,1,70%,30%
Champions Tour 2024: Pacific Stage 1,Regular Season,Week 1,Split,1,32%,68%
Champions Tour 2024: Pacific Stage 1,Regular Season,Week 2,All Maps,21,52%,48%
Champions Tour 2024: Pacific Stage 1,Regular Season,Week 2,Lotus,7,57%,43%
Champions Tour 2024: Pacific Stage 1,Regular Season,Week 2,Icebox,4,46%,54%
Champions Tour 2024: Pacific Stage 1,Regular Season,Week 2,Ascent,2,59%,41%
Champions Tour 2024: Pacific Stage 1,Regular Season,Week 2,Bind,2,32%,68%
Champions Tour 2024: Pacific Stage 1,Regular Season,Week 2,Breeze,2,59%,41%
Champions Tour 2024: Pacific Stage 1,Regular Season,Week 2,Split,2,46%,54%
Champions Tour 2024: Pacific Stage 1,Regular Season,Week 2,Sunset,2,52%,48%
Champions Tour 2024: Pacific Stage 1,Regular Season,Week 3,All Maps,19,50%,50%
Champions Tour 2024: Pacific Stage 1,Regular Season,Week 3,Lotus,4,51%,49%
Champions Tour 2024: Pacific Stage 1,Regular Season,Week 3,Icebox,3,44%,56%
Champions Tour 2024: Pacific Stage 1,Regular Season,Week 3,Ascent,3,54%,46%
Champions Tour 2024: Pacific Stage 1,Regular Season,Week 3,Split,3,64%,36%
Champions Tour 2024: Pacific Stage 1,Regular Season,Week 3,Sunset,3,43%,57%
Champions Tour 2024: Pacific Stage 1,Regular Season,Week 3,Bind,2,54%,46%
Champions Tour 2024: Pacific Stage 1,Regular Season,Week 3,Breeze,1,23%,77%
Champions Tour 2024: Pacific Stage 1,Regular Season,Week 4,All Maps,16,51%,49%
Champions Tour 2024: Pacific Stage 1,Regular Season,Week 4,Ascent,3,47%,53%
Champions Tour 2024: Pacific Stage 1,Regular Season,Week 4,Bind,3,54%,46%
Champions Tour 2024: Pacific Stage 1,Regular Season,Week 4,Breeze,3,54%,46%
Champions Tour 2024: Pacific Stage 1,Regular Season,Week 4,Lotus,3,61%,39%
Champions Tour 2024: Pacific Stage 1,Regular Season,Week 4,Split,2,52%,48%
Champions Tour 2024: Pacific Stage 1,Regular Season,Week 4,Sunset,2,32%,68%
Champions Tour 2024: Pacific Stage 1,All Stages,All Match Types,All Maps,100,49%,51%
Champions Tour 2024: Pacific Stage 1,All Stages,All Match Types,Lotus,26,53%,47%
Champions Tour 2024: Pacific Stage 1,All Stages,All Match Types,Sunset,16,44%,56%
Champions Tour 2024: Pacific Stage 1,All Stages,All Match Types,Ascent,15,48%,52%
Champions Tour 2024: Pacific Stage 1,All Stages,All Match Types,Bind,14,50%,50%
Champions Tour 2024: Pacific Stage 1,All Stages,All Match Types,Icebox,12,47%,53%
Champions Tour 2024: Pacific Stage 1,All Stages,All Match Types,Split,9,50%,50%
Champions Tour 2024: Pacific Stage 1,All Stages,All Match Types,Breeze,8,53%,47%
Champions Tour 2024: China Stage 1,Playoffs,Knockout Round,All Maps,4,53%,47%
Champions Tour 2024: China Stage 1,Playoffs,Knockout Round,Ascent,1,45%,55%
Champions Tour 2024: China Stage 1,Playoffs,Knockout Round,Bind,1,62%,38%
Champions Tour 2024: China Stage 1,Playoffs,Knockout Round,Breeze,1,65%,35%
Champions Tour 2024: China Stage 1,Playoffs,Knockout Round,Sunset,1,41%,59%
Champions Tour 2024: China Stage 1,Playoffs,Upper Semifinals,All Maps,4,54%,46%
Champions Tour 2024: China Stage 1,Playoffs,Upper Semifinals,Ascent,1,56%,44%
Champions Tour 2024: China Stage 1,Playoffs,Upper Semifinals,Bind,1,74%,26%
Champions Tour 2024: China Stage 1,Playoffs,Upper Semifinals,Lotus,1,52%,48%
Champions Tour 2024: China Stage 1,Playoffs,Upper Semifinals,Split,1,32%,68%
Champions Tour 2024: China Stage 1,Playoffs,Upper Final,All Maps,2,62%,38%
Champions Tour 2024: China Stage 1,Playoffs,Upper Final,Icebox,1,48%,52%
Champions Tour 2024: China Stage 1,Playoffs,Upper Final,Breeze,1,75%,25%
Champions Tour 2024: China Stage 1,Playoffs,Lower Round 1,All Maps,3,52%,48%
Champions Tour 2024: China Stage 1,Playoffs,Lower Round 1,Bind,1,55%,45%
Champions Tour 2024: China Stage 1,Playoffs,Lower Round 1,Split,1,48%,52%
Champions Tour 2024: China Stage 1,Playoffs,Lower Round 1,Sunset,1,53%,47%
Champions Tour 2024: China Stage 1,Playoffs,Lower Final,All Maps,4,44%,56%
Champions Tour 2024: China Stage 1,Playoffs,Lower Final,Ascent,1,33%,67%
Champions Tour 2024: China Stage 1,Playoffs,Lower Final,Bind,1,42%,58%
Champions Tour 2024: China Stage 1,Playoffs,Lower Final,Breeze,1,61%,39%
Champions Tour 2024: China Stage 1,Playoffs,Lower Final,Split,1,31%,69%
Champions Tour 2024: China Stage 1,Playoffs,Grand Final,All Maps,4,56%,44%
Champions Tour 2024: China Stage 1,Playoffs,Grand Final,Bind,1,68%,32%
Champions Tour 2024: China Stage 1,Playoffs,Grand Final,Breeze,1,48%,52%
Champions Tour 2024: China Stage 1,Playoffs,Grand Final,Icebox,1,67%,33%
Champions Tour 2024: China Stage 1,Playoffs,Grand Final,Lotus,1,37%,63%
Champions Tour 2024: China Stage 1,Regular Season,Week 1,All Maps,16,49%,51%
Champions Tour 2024: China Stage 1,Regular Season,Week 1,Lotus,4,48%,53%
Champions Tour 2024: China Stage 1,Regular Season,Week 1,Ascent,3,51%,49%
Champions Tour 2024: China Stage 1,Regular Season,Week 1,Bind,3,55%,45%
Champions Tour 2024: China Stage 1,Regular Season,Week 1,Icebox,2,47%,53%
Champions Tour 2024: China Stage 1,Regular Season,Week 1,Split,2,48%,52%
Champions Tour 2024: China Stage 1,Regular Season,Week 1,Breeze,1,38%,62%
Champions Tour 2024: China Stage 1,Regular Season,Week 1,Sunset,1,46%,54%
Champions Tour 2024: China Stage 1,Regular Season,Week 2,All Maps,16,55%,45%
Champions Tour 2024: China Stage 1,Regular Season,Week 2,Breeze,4,48%,52%
Champions Tour 2024: China Stage 1,Regular Season,Week 2,Bind,3,49%,51%
Champions Tour 2024: China Stage 1,Regular Season,Week 2,Icebox,3,75%,25%
Champions Tour 2024: China Stage 1,Regular Season,Week 2,Sunset,3,67%,33%
Champions Tour 2024: China Stage 1,Regular Season,Week 2,Split,2,41%,59%
Champions Tour 2024: China Stage 1,Regular Season,Week 2,Ascent,1,29%,71%
Champions Tour 2024: China Stage 1,Regular Season,Week 3,All Maps,13,49%,51%
Champions Tour 2024: China Stage 1,Regular Season,Week 3,Ascent,4,45%,55%
Champions Tour 2024: China Stage 1,Regular Season,Week 3,Lotus,3,44%,56%
Champions Tour 2024: China Stage 1,Regular Season,Week 3,Bind,2,48%,52%
Champions Tour 2024: China Stage 1,Regular Season,Week 3,Icebox,2,63%,37%
Champions Tour 2024: China Stage 1,Regular Season,Week 3,Breeze,1,35%,65%
Champions Tour 2024: China Stage 1,Regular Season,Week 3,Sunset,1,72%,28%
Champions Tour 2024: China Stage 1,Regular Season,Week 4,All Maps,16,54%,46%
Champions Tour 2024: China Stage 1,Regular Season,Week 4,Sunset,3,55%,45%
Champions Tour 2024: China Stage 1,Regular Season,Week 4,Bind,3,50%,50%
Champions Tour 2024: China Stage 1,Regular Season,Week 4,Ascent,2,50%,50%
Champions Tour 2024: China Stage 1,Regular Season,Week 4,Breeze,2,62%,38%
Champions Tour 2024: China Stage 1,Regular Season,Week 4,Icebox,2,55%,45%
Champions Tour 2024: China Stage 1,Regular Season,Week 4,Lotus,2,66%,34%
Champions Tour 2024: China Stage 1,Regular Season,Week 4,Split,2,40%,60%
Champions Tour 2024: China Stage 1,Regular Season,Week 5,All Maps,12,57%,43%
Champions Tour 2024: China Stage 1,Regular Season,Week 5,Lotus,3,61%,39%
Champions Tour 2024: China Stage 1,Regular Season,Week 5,Icebox,2,64%,36%
Champions Tour 2024: China Stage 1,Regular Season,Week 5,Breeze,2,56%,44%
Champions Tour 2024: China Stage 1,Regular Season,Week 5,Sunset,2,65%,35%
Champions Tour 2024: China Stage 1,Regular Season,Week 5,Ascent,1,21%,79%
Champions Tour 2024: China Stage 1,Regular Season,Week 5,Bind,1,39%,61%
Champions Tour 2024: China Stage 1,Regular Season,Week 5,Split,1,63%,37%
Champions Tour 2024: China Stage 1,All Stages,All Match Types,All Maps,94,53%,47%
Champions Tour 2024: China Stage 1,All Stages,All Match Types,Bind,17,53%,47%
Champions Tour 2024: China Stage 1,All Stages,All Match Types,Ascent,14,45%,55%
Champions Tour 2024: China Stage 1,All Stages,All Match Types,Breeze,14,54%,46%
Champions Tour 2024: China Stage 1,All Stages,All Match Types,Lotus,14,52%,48%
Champions Tour 2024: China Stage 1,All Stages,All Match Types,Icebox,13,61%,39%
Champions Tour 2024: China Stage 1,All Stages,All Match Types,Sunset,12,58%,42%
Champions Tour 2024: China Stage 1,All Stages,All Match Types,Split,10,43%,57%
Champions Tour 2024: EMEA Stage 1,Playoffs,Knockout Round,All Maps,5,41%,59%
Champions Tour 2024: EMEA Stage 1,Playoffs,Knockout Round,Lotus,2,43%,57%
Champions Tour 2024: EMEA Stage 1,Playoffs,Knockout Round,Icebox,1,42%,58%
Champions Tour 2024: EMEA Stage 1,Playoffs,Knockout Round,Ascent,1,21%,79%
Champions Tour 2024: EMEA Stage 1,Playoffs,Knockout Round,Split,1,59%,41%
Champions Tour 2024: EMEA Stage 1,Playoffs,Upper Semifinals,All Maps,4,63%,37%
Champions Tour 2024: EMEA Stage 1,Playoffs,Upper Semifinals,Bind,1,77%,23%
Champions Tour 2024: EMEA Stage 1,Playoffs,Upper Semifinals,Breeze,1,79%,21%
Champions Tour 2024: EMEA Stage 1,Playoffs,Upper Semifinals,Lotus,1,57%,43%
Champions Tour 2024: EMEA Stage 1,Playoffs,Upper Semifinals,Split,1,42%,58%
Champions Tour 2024: EMEA Stage 1,Playoffs,Upper Final,All Maps,2,51%,49%
Champions Tour 2024: EMEA Stage 1,Playoffs,Upper Final,Breeze,1,53%,47%
Champions Tour 2024: EMEA Stage 1,Playoffs,Upper Final,Lotus,1,50%,50%
Champions Tour 2024: EMEA Stage 1,Playoffs,Grand Final,All Maps,5,50%,50%
Champions Tour 2024: EMEA Stage 1,Playoffs,Grand Final,Bind,1,50%,50%
Champions Tour 2024: EMEA Stage 1,Playoffs,Grand Final,Breeze,1,43%,57%
Champions Tour 2024: EMEA Stage 1,Playoffs,Grand Final,Lotus,1,71%,29%
Champions Tour 2024: EMEA Stage 1,Playoffs,Grand Final,Split,1,39%,61%
Champions Tour 2024: EMEA Stage 1,Playoffs,Grand Final,Sunset,1,45%,55%
Champions Tour 2024: EMEA Stage 1,Playoffs,Lower Round 1,All Maps,2,51%,49%
Champions Tour 2024: EMEA Stage 1,Playoffs,Lower Round 1,Sunset,1,39%,61%
Champions Tour 2024: EMEA Stage 1,Playoffs,Lower Round 1,Icebox,1,69%,31%
Champions Tour 2024: EMEA Stage 1,Playoffs,Lower Final,All Maps,4,56%,44%
Champions Tour 2024: EMEA Stage 1,Playoffs,Lower Final,Bind,1,68%,32%
Champions Tour 2024: EMEA Stage 1,Playoffs,Lower Final,Breeze,1,54%,46%
Champions Tour 2024: EMEA Stage 1,Playoffs,Lower Final,Icebox,1,71%,29%
Champions Tour 2024: EMEA Stage 1,Playoffs,Lower Final,Split,1,33%,67%
Champions Tour 2024: EMEA Stage 1,Regular Season,Week 1,All Maps,12,55%,45%
Champions Tour 2024: EMEA Stage 1,Regular Season,Week 1,Icebox,2,50%,50%
Champions Tour 2024: EMEA Stage 1,Regular Season,Week 1,Ascent,2,55%,45%
Champions Tour 2024: EMEA Stage 1,Regular Season,Week 1,Lotus,2,59%,41%
Champions Tour 2024: EMEA Stage 1,Regular Season,Week 1,Split,2,75%,25%
Champions Tour 2024: EMEA Stage 1,Regular Season,Week 1,Sunset,2,43%,57%
Champions Tour 2024: EMEA Stage 1,Regular Season,Week 1,Bind,1,50%,50%
Champions Tour 2024: EMEA Stage 1,Regular Season,Week 1,Breeze,1,41%,59%
Champions Tour 2024: EMEA Stage 1,Regular Season,Week 2,All Maps,16,51%,49%
Champions Tour 2024: EMEA Stage 1,Regular Season,Week 2,Breeze,4,47%,53%
Champions Tour 2024: EMEA Stage 1,Regular Season,Week 2,Icebox,3,44%,56%
Champions Tour 2024: EMEA Stage 1,Regular Season,Week 2,Split,3,65%,35%
Champions Tour 2024: EMEA Stage 1,Regular Season,Week 2,Bind,2,48%,52%
Champions Tour 2024: EMEA Stage 1,Regular Season,Week 2,Lotus,2,52%,48%
Champions Tour 2024: EMEA Stage 1,Regular Season,Week 2,Ascent,1,61%,39%
Champions Tour 2024: EMEA Stage 1,Regular Season,Week 2,Sunset,1,46%,54%
Champions Tour 2024: EMEA Stage 1,Regular Season,Week 3,All Maps,15,51%,49%
Champions Tour 2024: EMEA Stage 1,Regular Season,Week 3,Sunset,3,48%,52%
Champions Tour 2024: EMEA Stage 1,Regular Season,Week 3,Icebox,3,58%,42%
Champions Tour 2024: EMEA Stage 1,Regular Season,Week 3,Ascent,2,41%,59%
Champions Tour 2024: EMEA Stage 1,Regular Season,Week 3,Bind,2,68%,32%
Champions Tour 2024: EMEA Stage 1,Regular Season,Week 3,Lotus,2,56%,44%
Champions Tour 2024: EMEA Stage 1,Regular Season,Week 3,Split,2,41%,59%
Champions Tour 2024: EMEA Stage 1,Regular Season,Week 3,Breeze,1,37%,63%
Champions Tour 2024: EMEA Stage 1,Regular Season,Week 4,All Maps,15,50%,50%
Champions Tour 2024: EMEA Stage 1,Regular Season,Week 4,Sunset,5,46%,54%
Champions Tour 2024: EMEA Stage 1,Regular Season,Week 4,Icebox,2,58%,42%
Champions Tour 2024: EMEA Stage 1,Regular Season,Week 4,Bind,2,43%,57%
Champions Tour 2024: EMEA Stage 1,Regular Season,Week 4,Lotus,2,54%,46%
Champions Tour 2024: EMEA Stage 1,Regular Season,Week 4,Split,2,48%,52%
Champions Tour 2024: EMEA Stage 1,Regular Season,Week 4,Ascent,1,48%,52%
Champions Tour 2024: EMEA Stage 1,Regular Season,Week 4,Breeze,1,65%,35%
Champions Tour 2024: EMEA Stage 1,Regular Season,Week 5,All Maps,15,54%,46%
Champions Tour 2024: EMEA Stage 1,Regular Season,Week 5,Icebox,4,55%,45%
Champions Tour 2024: EMEA Stage 1,Regular Season,Week 5,Bind,4,52%,48%
Champions Tour 2024: EMEA Stage 1,Regular Season,Week 5,Breeze,2,46%,54%
Champions Tour 2024: EMEA Stage 1,Regular Season,Week 5,Lotus,2,60%,40%
Champions Tour 2024: EMEA Stage 1,Regular Season,Week 5,Ascent,1,67%,33%
Champions Tour 2024: EMEA Stage 1,Regular Season,Week 5,Split,1,61%,39%
Champions Tour 2024: EMEA Stage 1,Regular Season,Week 5,Sunset,1,46%,54%
Champions Tour 2024: EMEA Stage 1,All Stages,All Match Types,All Maps,95,52%,48%
Champions Tour 2024: EMEA Stage 1,All Stages,All Match Types,Icebox,17,54%,46%
Champions Tour 2024: EMEA Stage 1,All Stages,All Match Types,Lotus,15,55%,45%
Champions Tour 2024: EMEA Stage 1,All Stages,All Match Types,Bind,14,55%,45%
Champions Tour 2024: EMEA Stage 1,All Stages,All Match Types,Split,14,54%,46%
Champions Tour 2024: EMEA Stage 1,All Stages,All Match Types,Sunset,14,45%,55%
Champions Tour 2024: EMEA Stage 1,All Stages,All Match Types,Breeze,13,51%,49%
Champions Tour 2024: EMEA Stage 1,All Stages,All Match Types,Ascent,8,48%,52%
Champions Tour 2024: Americas Stage 1,Playoffs,Knockout Round,All Maps,4,46%,54%
Champions Tour 2024: Americas Stage 1,Playoffs,Knockout Round,Ascent,1,58%,42%
Champions Tour 2024: Americas Stage 1,Playoffs,Knockout Round,Bind,1,47%,53%
Champions Tour 2024: Americas Stage 1,Playoffs,Knockout Round,Icebox,1,29%,71%
Champions Tour 2024: Americas Stage 1,Playoffs,Knockout Round,Lotus,1,42%,58%
Champions Tour 2024: Americas Stage 1,Playoffs,Upper Semifinals,All Maps,5,52%,48%
Champions Tour 2024: Americas Stage 1,Playoffs,Upper Semifinals,Icebox,2,54%,46%
Champions Tour 2024: Americas Stage 1,Playoffs,Upper Semifinals,Ascent,1,38%,62%
Champions Tour 2024: Americas Stage 1,Playoffs,Upper Semifinals,Bind,1,44%,56%
Champions Tour 2024: Americas Stage 1,Playoffs,Upper Semifinals,Sunset,1,67%,33%
Champions Tour 2024: Americas Stage 1,Playoffs,Upper Final,All Maps,3,49%,51%
Champions Tour 2024: Americas Stage 1,Playoffs,Upper Final,Ascent,1,61%,39%
Champions Tour 2024: Americas Stage 1,Playoffs,Upper Final,Bind,1,62%,38%
Champions Tour 2024: Americas Stage 1,Playoffs,Upper Final,Split,1,29%,71%
Champions Tour 2024: Americas Stage 1,Playoffs,Grand Final,All Maps,3,43%,57%
Champions Tour 2024: Americas Stage 1,Playoffs,Grand Final,Bind,1,23%,77%
Champions Tour 2024: Americas Stage 1,Playoffs,Grand Final,Breeze,1,65%,35%
Champions Tour 2024: Americas Stage 1,Playoffs,Grand Final,Sunset,1,43%,57%
Champions Tour 2024: Americas Stage 1,Playoffs,Lower Round 1,All Maps,3,50%,50%
Champions Tour 2024: Americas Stage 1,Playoffs,Lower Round 1,Icebox,1,38%,63%
Champions Tour 2024: Americas Stage 1,Playoffs,Lower Round 1,Lotus,1,42%,58%
Champions Tour 2024: Americas Stage 1,Playoffs,Lower Round 1,Sunset,1,71%,29%
Champions Tour 2024: Americas Stage 1,Playoffs,Lower Final,All Maps,5,47%,53%
Champions Tour 2024: Americas Stage 1,Playoffs,Lower Final,Ascent,1,38%,63%
Champions Tour 2024: Americas Stage 1,Playoffs,Lower Final,Bind,1,50%,50%
Champions Tour 2024: Americas Stage 1,Playoffs,Lower Final,Breeze,1,35%,65%
Champions Tour 2024: Americas Stage 1,Playoffs,Lower Final,Icebox,1,50%,50%
Champions Tour 2024: Americas Stage 1,Playoffs,Lower Final,Lotus,1,61%,39%
Champions Tour 2024: Americas Stage 1,Regular Season,Week 1,All Maps,12,61%,39%
Champions Tour 2024: Americas Stage 1,Regular Season,Week 1,Icebox,4,60%,40%
Champions Tour 2024: Americas Stage 1,Regular Season,Week 1,Breeze,2,60%,40%
Champions Tour 2024: Americas Stage 1,Regular Season,Week 1,Lotus,2,68%,32%
Champions Tour 2024: Americas Stage 1,Regular Season,Week 1,Sunset,2,66%,34%
Champions Tour 2024: Americas Stage 1,Regular Season,Week 1,Ascent,1,58%,42%
Champions Tour 2024: Americas Stage 1,Regular Season,Week 1,Split,1,42%,58%
Champions Tour 2024: Americas Stage 1,Regular Season,Week 2,All Maps,11,52%,48%
Champions Tour 2024: Americas Stage 1,Regular Season,Week 2,Split,3,45%,55%
Champions Tour 2024: Americas Stage 1,Regular Season,Week 2,Icebox,2,49%,51%
Champions Tour 2024: Americas Stage 1,Regular Season,Week 2,Lotus,2,54%,46%
Champions Tour 2024: Americas Stage 1,Regular Season,Week 2,Sunset,2,55%,45%
Champions Tour 2024: Americas Stage 1,Regular Season,Week 2,Bind,1,59%,41%
Champions Tour 2024: Americas Stage 1,Regular Season,Week 2,Breeze,1,62%,38%
Champions Tour 2024: Americas Stage 1,Regular Season,Week 3,All Maps,23,51%,49%
Champions Tour 2024: Americas Stage 1,Regular Season,Week 3,Lotus,6,58%,42%
Champions Tour 2024: Americas Stage 1,Regular Season,Week 3,Bind,5,54%,46%
Champions Tour 2024: Americas Stage 1,Regular Season,Week 3,Breeze,3,37%,63%
Champions Tour 2024: Americas Stage 1,Regular Season,Week 3,Icebox,3,56%,44%
Champions Tour 2024: Americas Stage 1,Regular Season,Week 3,Ascent,2,35%,65%
Champions Tour 2024: Americas Stage 1,Regular Season,Week 3,Split,2,60%,40%
Champions Tour 2024: Americas Stage 1,Regular Season,Week 3,Sunset,2,45%,55%
Champions Tour 2024: Americas Stage 1,Regular Season,Week 4,All Maps,13,51%,49%
Champions Tour 2024: Americas Stage 1,Regular Season,Week 4,Lotus,3,57%,43%
Champions Tour 2024: Americas Stage 1,Regular Season,Week 4,Ascent,2,56%,44%
Champions Tour 2024: Americas Stage 1,Regular Season,Week 4,Bind,2,59%,41%
Champions Tour 2024: Americas Stage 1,Regular Season,Week 4,Icebox,2,49%,51%
Champions Tour 2024: Americas Stage 1,Regular Season,Week 4,Sunset,2,50%,50%
Champions Tour 2024: Americas Stage 1,Regular Season,Week 4,Breeze,1,38%,63%
Champions Tour 2024: Americas Stage 1,Regular Season,Week 4,Split,1,38%,62%
Champions Tour 2024: Americas Stage 1,Regular Season,Week 5,All Maps,11,47%,53%
Champions Tour 2024: Americas Stage 1,Regular Season,Week 5,Icebox,3,35%,65%
Champions Tour 2024: Americas Stage 1,Regular Season,Week 5,Bind,2,50%,50%
Champions Tour 2024: Americas Stage 1,Regular Season,Week 5,Split,2,62%,38%
Champions Tour 2024: Americas Stage 1,Regular Season,Week 5,Ascent,1,41%,59%
Champions Tour 2024: Americas Stage 1,Regular Season,Week 5,Breeze,1,33%,67%
Champions Tour 2024: Americas Stage 1,Regular Season,Week 5,Lotus,1,57%,43%
Champions Tour 2024: Americas Stage 1,Regular Season,Week 5,Sunset,1,59%,41%
Champions Tour 2024: Americas Stage 1,All Stages,All Match Types,All Maps,93,51%,49%
Champions Tour 2024: Americas Stage 1,All Stages,All Match Types,Icebox,19,49%,51%
Champions Tour 2024: Americas Stage 1,All Stages,All Match Types,Lotus,17,57%,43%
Champions Tour 2024: Americas Stage 1,All Stages,All Match Types,Bind,15,52%,48%
Champions Tour 2024: Americas Stage 1,All Stages,All Match Types,Sunset,12,56%,44%
Champions Tour 2024: Americas Stage 1,All Stages,All Match Types,Ascent,10,48%,52%
Champions Tour 2024: Americas Stage 1,All Stages,All Match Types,Breeze,10,46%,54%
Champions Tour 2024: Americas Stage 1,All Stages,All Match Types,Split,10,49%,51%
Champions Tour 2024: Masters Madrid,Playoffs,Upper Semifinals,All Maps,5,51%,49%
Champions Tour 2024: Masters Madrid,Playoffs,Upper Semifinals,Split,2,58%,42%
Champions Tour 2024: Masters Madrid,Playoffs,Upper Semifinals,Icebox,1,42%,58%
Champions Tour 2024: Masters Madrid,Playoffs,Upper Semifinals,Lotus,1,41%,59%
Champions Tour 2024: Masters Madrid,Playoffs,Upper Semifinals,Sunset,1,58%,42%
Champions Tour 2024: Masters Madrid,Playoffs,Upper Final,All Maps,3,46%,54%
Champions Tour 2024: Masters Madrid,Playoffs,Upper Final,Breeze,1,44%,56%
Champions Tour 2024: Masters Madrid,Playoffs,Upper Final,Lotus,1,45%,55%
Champions Tour 2024: Masters Madrid,Playoffs,Upper Final,Split,1,50%,50%
Champions Tour 2024: Masters Madrid,Playoffs,Grand Final,All Maps,5,46%,54%
Champions Tour 2024: Masters Madrid,Playoffs,Grand Final,Ascent,1,38%,62%
Champions Tour 2024: Masters Madrid,Playoffs,Grand Final,Bind,1,50%,50%
Champions Tour 2024: Masters Madrid,Playoffs,Grand Final,Breeze,1,48%,52%
Champions Tour 2024: Masters Madrid,Playoffs,Grand Final,Icebox,1,58%,42%
Champions Tour 2024: Masters Madrid,Playoffs,Grand Final,Split,1,39%,61%
Champions Tour 2024: Masters Madrid,Playoffs,Lower Round 1,All Maps,2,49%,51%
Champions Tour 2024: Masters Madrid,Playoffs,Lower Round 1,Sunset,1,52%,48%
Champions Tour 2024: Masters Madrid,Playoffs,Lower Round 1,Ascent,1,46%,54%
Champions Tour 2024: Masters Madrid,Playoffs,Lower Final,All Maps,4,53%,47%
Champions Tour 2024: Masters Madrid,Playoffs,Lower Final,Ascent,1,68%,32%
Champions Tour 2024: Masters Madrid,Playoffs,Lower Final,Lotus,1,50%,50%
Champions Tour 2024: Masters Madrid,Playoffs,Lower Final,Split,1,50%,50%
Champions Tour 2024: Masters Madrid,Playoffs,Lower Final,Sunset,1,44%,56%
Champions Tour 2024: Masters Madrid,Swiss Stage,Round 1,All Maps,11,56%,44%
Champions Tour 2024: Masters Madrid,Swiss Stage,Round 1,Icebox,2,49%,51%
Champions Tour 2024: Masters Madrid,Swiss Stage,Round 1,Bind,2,43%,57%
Champions Tour 2024: Masters Madrid,Swiss Stage,Round 1,Lotus,2,76%,24%
Champions Tour 2024: Masters Madrid,Swiss Stage,Round 1,Sunset,2,59%,41%
Champions Tour 2024: Masters Madrid,Swiss Stage,Round 1,Ascent,1,61%,39%
Champions Tour 2024: Masters Madrid,Swiss Stage,Round 1,Breeze,1,67%,33%
Champions Tour 2024: Masters Madrid,Swiss Stage,Round 1,Split,1,41%,59%
Champions Tour 2024: Masters Madrid,Swiss Stage,Round 2,All Maps,10,48%,52%
Champions Tour 2024: Masters Madrid,Swiss Stage,Round 2,Split,3,37%,63%
Champions Tour 2024: Masters Madrid,Swiss Stage,Round 2,Breeze,2,58%,42%
Champions Tour 2024: Masters Madrid,Swiss Stage,Round 2,Lotus,2,51%,49%
Champions Tour 2024: Masters Madrid,Swiss Stage,Round 2,Sunset,2,46%,54%
Champions Tour 2024: Masters Madrid,Swiss Stage,Round 2,Icebox,1,57%,43%
Champions Tour 2024: Masters Madrid,Swiss Stage,Round 3,All Maps,5,54%,46%
Champions Tour 2024: Masters Madrid,Swiss Stage,Round 3,Ascent,1,42%,58%
Champions Tour 2024: Masters Madrid,Swiss Stage,Round 3,Bind,1,61%,39%
Champions Tour 2024: Masters Madrid,Swiss Stage,Round 3,Icebox,1,80%,20%
Champions Tour 2024: Masters Madrid,Swiss Stage,Round 3,Lotus,1,47%,53%
Champions Tour 2024: Masters Madrid,Swiss Stage,Round 3,Sunset,1,44%,56%
Champions Tour 2024: Masters Madrid,All Stages,All Match Types,All Maps,45,51%,49%
Champions Tour 2024: Masters Madrid,All Stages,All Match Types,Split,9,45%,55%
Champions Tour 2024: Masters Madrid,All Stages,All Match Types,Lotus,8,55%,45%
Champions Tour 2024: Masters Madrid,All Stages,All Match Types,Sunset,8,52%,48%
Champions Tour 2024: Masters Madrid,All Stages,All Match Types,Icebox,6,54%,46%
Champions Tour 2024: Masters Madrid,All Stages,All Match Types,Ascent,5,50%,50%
Champions Tour 2024: Masters Madrid,All Stages,All Match Types,Breeze,5,55%,45%
Champions Tour 2024: Masters Madrid,All Stages,All Match Types,Bind,4,49%,51%
Champions Tour 2024: Americas Kickoff,Playoffs,Semifinals,All Maps,6,44%,56%
Champions Tour 2024: Americas Kickoff,Playoffs,Semifinals,Sunset,2,45%,55%
Champions Tour 2024: Americas Kickoff,Playoffs,Semifinals,Ascent,2,46%,54%
Champions Tour 2024: Americas Kickoff,Playoffs,Semifinals,Icebox,1,55%,45%
Champions Tour 2024: Americas Kickoff,Playoffs,Semifinals,Split,1,19%,81%
Champions Tour 2024: Americas Kickoff,Playoffs,Grand Final,All Maps,5,61%,39%
Champions Tour 2024: Americas Kickoff,Playoffs,Grand Final,Icebox,1,63%,38%
Champions Tour 2024: Americas Kickoff,Playoffs,Grand Final,Bind,1,67%,33%
Champions Tour 2024: Americas Kickoff,Playoffs,Grand Final,Lotus,1,71%,29%
Champions Tour 2024: Americas Kickoff,Playoffs,Grand Final,Split,1,44%,56%
Champions Tour 2024: Americas Kickoff,Playoffs,Grand Final,Sunset,1,59%,41%
Champions Tour 2024: Americas Kickoff,Play-Ins,Play-ins,All Maps,8,43%,57%
Champions Tour 2024: Americas Kickoff,Play-Ins,Play-ins,Split,3,39%,61%
Champions Tour 2024: Americas Kickoff,Play-Ins,Play-ins,Breeze,2,56%,44%
Champions Tour 2024: Americas Kickoff,Play-Ins,Play-ins,Sunset,2,30%,70%
Champions Tour 2024: Americas Kickoff,Play-Ins,Play-ins,Ascent,1,58%,42%
Champions Tour 2024: Americas Kickoff,Group Stage,Opening (A),All Maps,5,43%,57%
Champions Tour 2024: Americas Kickoff,Group Stage,Opening (A),Ascent,1,38%,62%
Champions Tour 2024: Americas Kickoff,Group Stage,Opening (A),Bind,1,63%,38%
Champions Tour 2024: Americas Kickoff,Group Stage,Opening (A),Breeze,1,39%,61%
Champions Tour 2024: Americas Kickoff,Group Stage,Opening (A),Lotus,1,35%,65%
Champions Tour 2024: Americas Kickoff,Group Stage,Opening (A),Split,1,38%,62%
Champions Tour 2024: Americas Kickoff,Group Stage,Winner's (A),All Maps,2,43%,57%
Champions Tour 2024: Americas Kickoff,Group Stage,Winner's (A),Sunset,1,45%,55%
Champions Tour 2024: Americas Kickoff,Group Stage,Winner's (A),Ascent,1,42%,58%
Champions Tour 2024: Americas Kickoff,Group Stage,Elimination (A),All Maps,2,48%,52%
Champions Tour 2024: Americas Kickoff,Group Stage,Elimination (A),Breeze,1,29%,71%
Champions Tour 2024: Americas Kickoff,Group Stage,Elimination (A),Split,1,68%,32%
Champions Tour 2024: Americas Kickoff,Group Stage,Decider (A),All Maps,2,54%,46%
Champions Tour 2024: Americas Kickoff,Group Stage,Decider (A),Ascent,1,50%,50%
Champions Tour 2024: Americas Kickoff,Group Stage,Decider (A),Bind,1,58%,42%
Champions Tour 2024: Americas Kickoff,Group Stage,Opening (B),All Maps,5,40%,60%
Champions Tour 2024: Americas Kickoff,Group Stage,Opening (B),Split,2,35%,65%
Champions Tour 2024: Americas Kickoff,Group Stage,Opening (B),Ascent,1,32%,68%
Champions Tour 2024: Americas Kickoff,Group Stage,Opening (B),Bind,1,50%,50%
Champions Tour 2024: Americas Kickoff,Group Stage,Opening (B),Icebox,1,46%,54%
Champions Tour 2024: Americas Kickoff,Group Stage,Winner's (B),All Maps,3,64%,36%
Champions Tour 2024: Americas Kickoff,Group Stage,Winner's (B),Ascent,1,65%,35%
Champions Tour 2024: Americas Kickoff,Group Stage,Winner's (B),Bind,1,71%,29%
Champions Tour 2024: Americas Kickoff,Group Stage,Winner's (B),Split,1,57%,43%
Champions Tour 2024: Americas Kickoff,Group Stage,Elimination (B),All Maps,3,53%,47%
Champions Tour 2024: Americas Kickoff,Group Stage,Elimination (B),Bind,1,53%,47%
Champions Tour 2024: Americas Kickoff,Group Stage,Elimination (B),Lotus,1,61%,39%
Champions Tour 2024: Americas Kickoff,Group Stage,Elimination (B),Split,1,48%,52%
Champions Tour 2024: Americas Kickoff,Group Stage,Decider (B),All Maps,3,49%,51%
Champions Tour 2024: Americas Kickoff,Group Stage,Decider (B),Bind,1,41%,59%
Champions Tour 2024: Americas Kickoff,Group Stage,Decider (B),Breeze,1,63%,37%
Champions Tour 2024: Americas Kickoff,Group Stage,Decider (B),Split,1,44%,56%
Champions Tour 2024: Americas Kickoff,Group Stage,Opening (C),All Maps,3,60%,40%
Champions Tour 2024: Americas Kickoff,Group Stage,Opening (C),Icebox,1,59%,41%
Champions Tour 2024: Americas Kickoff,Group Stage,Opening (C),Ascent,1,63%,38%
Champions Tour 2024: Americas Kickoff,Group Stage,Opening (C),Sunset,1,59%,41%
Champions Tour 2024: Americas Kickoff,Group Stage,Winner's (C),All Maps,2,56%,44%
Champions Tour 2024: Americas Kickoff,Group Stage,Winner's (C),Sunset,1,67%,33%
Champions Tour 2024: Americas Kickoff,Group Stage,Winner's (C),Icebox,1,46%,54%
Champions Tour 2024: Americas Kickoff,Group Stage,Decider (C),All Maps,2,62%,38%
Champions Tour 2024: Americas Kickoff,Group Stage,Decider (C),Sunset,1,71%,29%
Champions Tour 2024: Americas Kickoff,Group Stage,Decider (C),Split,1,52%,48%
Champions Tour 2024: Americas Kickoff,All Stages,All Match Types,All Maps,51,50%,50%
Champions Tour 2024: Americas Kickoff,All Stages,All Match Types,Split,13,44%,56%
Champions Tour 2024: Americas Kickoff,All Stages,All Match Types,Ascent,9,49%,51%
Champions Tour 2024: Americas Kickoff,All Stages,All Match Types,Sunset,9,51%,49%
Champions Tour 2024: Americas Kickoff,All Stages,All Match Types,Bind,7,58%,42%
Champions Tour 2024: Americas Kickoff,All Stages,All Match Types,Breeze,5,48%,52%
Champions Tour 2024: Americas Kickoff,All Stages,All Match Types,Icebox,5,54%,46%
Champions Tour 2024: Americas Kickoff,All Stages,All Match Types,Lotus,3,53%,47%
Champions Tour 2024: China Kickoff,Playoffs,Semifinals,All Maps,4,47%,53%
Champions Tour 2024: China Kickoff,Playoffs,Semifinals,Ascent,1,39%,61%
Champions Tour 2024: China Kickoff,Playoffs,Semifinals,Bind,1,53%,47%
Champions Tour 2024: China Kickoff,Playoffs,Semifinals,Breeze,1,37%,63%
Champions Tour 2024: China Kickoff,Playoffs,Semifinals,Sunset,1,58%,42%
Champions Tour 2024: China Kickoff,Playoffs,Grand Final,All Maps,4,49%,51%
Champions Tour 2024: China Kickoff,Playoffs,Grand Final,Ascent,1,50%,50%
Champions Tour 2024: China Kickoff,Playoffs,Grand Final,Breeze,1,42%,58%
Champions Tour 2024: China Kickoff,Playoffs,Grand Final,Icebox,1,62%,38%
Champions Tour 2024: China Kickoff,Playoffs,Grand Final,Split,1,42%,58%
Champions Tour 2024: China Kickoff,Play-Ins,Round-Robin,All Maps,8,50%,50%
Champions Tour 2024: China Kickoff,Play-Ins,Round-Robin,Lotus,3,47%,53%
Champions Tour 2024: China Kickoff,Play-Ins,Round-Robin,Ascent,1,48%,52%
Champions Tour 2024: China Kickoff,Play-Ins,Round-Robin,Bind,1,33%,67%
Champions Tour 2024: China Kickoff,Play-Ins,Round-Robin,Breeze,1,58%,42%
Champions Tour 2024: China Kickoff,Play-Ins,Round-Robin,Split,1,67%,33%
Champions Tour 2024: China Kickoff,Play-Ins,Round-Robin,Sunset,1,50%,50%
Champions Tour 2024: China Kickoff,Group Stage,Opening (A),All Maps,4,47%,53%
Champions Tour 2024: China Kickoff,Group Stage,Opening (A),Sunset,2,38%,62%
Champions Tour 2024: China Kickoff,Group Stage,Opening (A),Ascent,1,53%,47%
Champions Tour 2024: China Kickoff,Group Stage,Opening (A),Lotus,1,61%,39%
Champions Tour 2024: China Kickoff,Group Stage,Winner's (A),All Maps,3,59%,41%
Champions Tour 2024: China Kickoff,Group Stage,Winner's (A),Bind,1,63%,38%
Champions Tour 2024: China Kickoff,Group Stage,Winner's (A),Lotus,1,52%,48%
Champions Tour 2024: China Kickoff,Group Stage,Winner's (A),Sunset,1,63%,38%
Champions Tour 2024: China Kickoff,Group Stage,Elimination (A),All Maps,2,54%,46%
Champions Tour 2024: China Kickoff,Group Stage,Elimination (A),Ascent,1,54%,46%
Champions Tour 2024: China Kickoff,Group Stage,Elimination (A),Split,1,54%,46%
Champions Tour 2024: China Kickoff,Group Stage,Decider (A),All Maps,2,57%,43%
Champions Tour 2024: China Kickoff,Group Stage,Decider (A),Lotus,1,53%,47%
Champions Tour 2024: China Kickoff,Group Stage,Decider (A),Split,1,61%,39%
Champions Tour 2024: China Kickoff,Group Stage,Opening (B),All Maps,4,50%,50%
Champions Tour 2024: China Kickoff,Group Stage,Opening (B),Ascent,1,41%,59%
Champions Tour 2024: China Kickoff,Group Stage,Opening (B),Bind,1,33%,67%
Champions Tour 2024: China Kickoff,Group Stage,Opening (B),Lotus,1,62%,38%
Champions Tour 2024: China Kickoff,Group Stage,Opening (B),Sunset,1,63%,38%
Champions Tour 2024: China Kickoff,Group Stage,Winner's (B),All Maps,3,38%,62%
Champions Tour 2024: China Kickoff,Group Stage,Winner's (B),Icebox,1,13%,88%
Champions Tour 2024: China Kickoff,Group Stage,Winner's (B),Bind,1,43%,57%
Champions Tour 2024: China Kickoff,Group Stage,Winner's (B),Split,1,62%,38%
Champions Tour 2024: China Kickoff,Group Stage,Elimination (B),All Maps,2,42%,58%
Champions Tour 2024: China Kickoff,Group Stage,Elimination (B),Sunset,1,38%,62%
Champions Tour 2024: China Kickoff,Group Stage,Elimination (B),Icebox,1,46%,54%
Champions Tour 2024: China Kickoff,Group Stage,Decider (B),All Maps,3,55%,45%
Champions Tour 2024: China Kickoff,Group Stage,Decider (B),Icebox,1,58%,42%
Champions Tour 2024: China Kickoff,Group Stage,Decider (B),Bind,1,50%,50%
Champions Tour 2024: China Kickoff,Group Stage,Decider (B),Lotus,1,57%,43%
Champions Tour 2024: China Kickoff,Group Stage,Opening (C),All Maps,2,38%,62%
Champions Tour 2024: China Kickoff,Group Stage,Opening (C),Icebox,1,45%,55%
Champions Tour 2024: China Kickoff,Group Stage,Opening (C),Ascent,1,32%,68%
Champions Tour 2024: China Kickoff,Group Stage,Winner's (C),All Maps,3,43%,57%
Champions Tour 2024: China Kickoff,Group Stage,Winner's (C),Ascent,1,43%,57%
Champions Tour 2024: China Kickoff,Group Stage,Winner's (C),Bind,1,48%,52%
Champions Tour 2024: China Kickoff,Group Stage,Winner's (C),Breeze,1,38%,63%
Champions Tour 2024: China Kickoff,Group Stage,Decider (C),All Maps,2,31%,69%
Champions Tour 2024: China Kickoff,Group Stage,Decider (C),Sunset,1,32%,68%
Champions Tour 2024: China Kickoff,Group Stage,Decider (C),Icebox,1,30%,70%
Champions Tour 2024: China Kickoff,All Stages,All Match Types,All Maps,46,48%,52%
Champions Tour 2024: China Kickoff,All Stages,All Match Types,Ascent,8,45%,55%
Champions Tour 2024: China Kickoff,All Stages,All Match Types,Lotus,8,53%,47%
Champions Tour 2024: China Kickoff,All Stages,All Match Types,Sunset,8,48%,52%
Champions Tour 2024: China Kickoff,All Stages,All Match Types,Bind,7,46%,54%
Champions Tour 2024: China Kickoff,All Stages,All Match Types,Icebox,6,42%,58%
Champions Tour 2024: China Kickoff,All Stages,All Match Types,Split,5,57%,43%
Champions Tour 2024: China Kickoff,All Stages,All Match Types,Breeze,4,44%,56%
Champions Tour 2024: EMEA Kickoff,Playoffs,Semifinals,All Maps,4,46%,54%
Champions Tour 2024: EMEA Kickoff,Playoffs,Semifinals,Breeze,1,71%,29%
Champions Tour 2024: EMEA Kickoff,Playoffs,Semifinals,Lotus,1,39%,61%
Champions Tour 2024: EMEA Kickoff,Playoffs,Semifinals,Split,1,48%,52%
Champions Tour 2024: EMEA Kickoff,Playoffs,Semifinals,Sunset,1,33%,67%
Champions Tour 2024: EMEA Kickoff,Playoffs,Grand Final,All Maps,4,53%,48%
Champions Tour 2024: EMEA Kickoff,Playoffs,Grand Final,Icebox,1,45%,55%
Champions Tour 2024: EMEA Kickoff,Playoffs,Grand Final,Lotus,1,85%,15%
Champions Tour 2024: EMEA Kickoff,Playoffs,Grand Final,Split,1,50%,50%
Champions Tour 2024: EMEA Kickoff,Playoffs,Grand Final,Sunset,1,32%,68%
Champions Tour 2024: EMEA Kickoff,Play-In Stage,Play-ins,All Maps,6,55%,45%
Champions Tour 2024: EMEA Kickoff,Play-In Stage,Play-ins,Sunset,3,58%,42%
Champions Tour 2024: EMEA Kickoff,Play-In Stage,Play-ins,Ascent,1,58%,42%
Champions Tour 2024: EMEA Kickoff,Play-In Stage,Play-ins,Bind,1,65%,35%
Champions Tour 2024: EMEA Kickoff,Play-In Stage,Play-ins,Breeze,1,32%,68%
Champions Tour 2024: EMEA Kickoff,Group Stage,Opening (A),All Maps,5,53%,47%
Champions Tour 2024: EMEA Kickoff,Group Stage,Opening (A),Lotus,2,54%,46%
Champions Tour 2024: EMEA Kickoff,Group Stage,Opening (A),Bind,1,52%,48%
Champions Tour 2024: EMEA Kickoff,Group Stage,Opening (A),Split,1,54%,46%
Champions Tour 2024: EMEA Kickoff,Group Stage,Opening (A),Sunset,1,52%,48%
Champions Tour 2024: EMEA Kickoff,Group Stage,Winner's (A),All Maps,2,47%,53%
Champions Tour 2024: EMEA Kickoff,Group Stage,Winner's (A),Lotus,1,53%,47%
Champions Tour 2024: EMEA Kickoff,Group Stage,Winner's (A),Split,1,41%,59%
Champions Tour 2024: EMEA Kickoff,Group Stage,Elimination (A),All Maps,3,47%,53%
Champions Tour 2024: EMEA Kickoff,Group Stage,Elimination (A),Icebox,1,48%,52%
Champions Tour 2024: EMEA Kickoff,Group Stage,Elimination (A),Split,1,47%,53%
Champions Tour 2024: EMEA Kickoff,Group Stage,Elimination (A),Sunset,1,45%,55%
Champions Tour 2024: EMEA Kickoff,Group Stage,Decider (A),All Maps,3,44%,56%
Champions Tour 2024: EMEA Kickoff,Group Stage,Decider (A),Bind,1,59%,41%
Champions Tour 2024: EMEA Kickoff,Group Stage,Decider (A),Lotus,1,50%,50%
Champions Tour 2024: EMEA Kickoff,Group Stage,Decider (A),Sunset,1,25%,75%
Champions Tour 2024: EMEA Kickoff,Group Stage,Opening (B),All Maps,5,56%,44%
Champions Tour 2024: EMEA Kickoff,Group Stage,Opening (B),Bind,2,53%,47%
Champions Tour 2024: EMEA Kickoff,Group Stage,Opening (B),Ascent,1,68%,32%
Champions Tour 2024: EMEA Kickoff,Group Stage,Opening (B),Breeze,1,37%,63%
Champions Tour 2024: EMEA Kickoff,Group Stage,Opening (B),Icebox,1,65%,35%
Champions Tour 2024: EMEA Kickoff,Group Stage,Winner's (B),All Maps,2,55%,45%
Champions Tour 2024: EMEA Kickoff,Group Stage,Winner's (B),Breeze,1,35%,65%
Champions Tour 2024: EMEA Kickoff,Group Stage,Winner's (B),Split,1,75%,25%
Champions Tour 2024: EMEA Kickoff,Group Stage,Elimination (B),All Maps,2,56%,44%
Champions Tour 2024: EMEA Kickoff,Group Stage,Elimination (B),Bind,1,72%,28%
Champions Tour 2024: EMEA Kickoff,Group Stage,Elimination (B),Split,1,43%,57%
Champions Tour 2024: EMEA Kickoff,Group Stage,Decider (B),All Maps,3,45%,55%
Champions Tour 2024: EMEA Kickoff,Group Stage,Decider (B),Icebox,1,50%,50%
Champions Tour 2024: EMEA Kickoff,Group Stage,Decider (B),Split,1,48%,52%
Champions Tour 2024: EMEA Kickoff,Group Stage,Decider (B),Sunset,1,38%,63%
Champions Tour 2024: EMEA Kickoff,Group Stage,Opening (C),All Maps,2,58%,42%
Champions Tour 2024: EMEA Kickoff,Group Stage,Opening (C),Sunset,1,61%,39%
Champions Tour 2024: EMEA Kickoff,Group Stage,Opening (C),Lotus,1,55%,45%
Champions Tour 2024: EMEA Kickoff,Group Stage,Winner's (C),All Maps,2,64%,36%
Champions Tour 2024: EMEA Kickoff,Group Stage,Winner's (C),Ascent,1,61%,39%
Champions Tour 2024: EMEA Kickoff,Group Stage,Winner's (C),Lotus,1,67%,33%
Champions Tour 2024: EMEA Kickoff,Group Stage,Decider (C),All Maps,3,68%,32%
Champions Tour 2024: EMEA Kickoff,Group Stage,Decider (C),Breeze,1,71%,29%
Champions Tour 2024: EMEA Kickoff,Group Stage,Decider (C),Lotus,1,58%,42%
Champions Tour 2024: EMEA Kickoff,Group Stage,Decider (C),Sunset,1,81%,19%
Champions Tour 2024: EMEA Kickoff,All Stages,All Match Types,All Maps,46,53%,47%
Champions Tour 2024: EMEA Kickoff,All Stages,All Match Types,Sunset,11,48%,52%
Champions Tour 2024: EMEA Kickoff,All Stages,All Match Types,Lotus,9,57%,43%
Champions Tour 2024: EMEA Kickoff,All Stages,All Match Types,Split,8,51%,49%
Champions Tour 2024: EMEA Kickoff,All Stages,All Match Types,Bind,6,59%,41%
Champions Tour 2024: EMEA Kickoff,All Stages,All Match Types,Breeze,5,48%,52%
Champions Tour 2024: EMEA Kickoff,All Stages,All Match Types,Icebox,4,52%,48%
Champions Tour 2024: EMEA Kickoff,All Stages,All Match Types,Ascent,3,62%,38%
Champions Tour 2024: Pacific Kickoff,Playoffs,Semifinals,All Maps,4,61%,39%
Champions Tour 2024: Pacific Kickoff,Playoffs,Semifinals,Ascent,1,53%,47%
Champions Tour 2024: Pacific Kickoff,Playoffs,Semifinals,Bind,1,58%,42%
Champions Tour 2024: Pacific Kickoff,Playoffs,Semifinals,Lotus,1,67%,33%
Champions Tour 2024: Pacific Kickoff,Playoffs,Semifinals,Split,1,67%,33%
Champions Tour 2024: Pacific Kickoff,Playoffs,Grand Final,All Maps,4,55%,45%
Champions Tour 2024: Pacific Kickoff,Playoffs,Grand Final,Ascent,1,61%,39%
Champions Tour 2024: Pacific Kickoff,Playoffs,Grand Final,Bind,1,47%,53%
Champions Tour 2024: Pacific Kickoff,Playoffs,Grand Final,Lotus,1,63%,38%
Champions Tour 2024: Pacific Kickoff,Playoffs,Grand Final,Split,1,47%,53%
Champions Tour 2024: Pacific Kickoff,Play-Ins,Play-ins,All Maps,7,56%,44%
Champions Tour 2024: Pacific Kickoff,Play-Ins,Play-ins,Icebox,3,51%,49%
Champions Tour 2024: Pacific Kickoff,Play-Ins,Play-ins,Ascent,2,53%,47%
Champions Tour 2024: Pacific Kickoff,Play-Ins,Play-ins,Breeze,1,50%,50%
Champions Tour 2024: Pacific Kickoff,Play-Ins,Play-ins,Lotus,1,77%,23%
Champions Tour 2024: Pacific Kickoff,Group Stage,Opening (B),All Maps,4,43%,57%
Champions Tour 2024: Pacific Kickoff,Group Stage,Opening (B),Breeze,2,38%,62%
Champions Tour 2024: Pacific Kickoff,Group Stage,Opening (B),Ascent,1,44%,56%
Champions Tour 2024: Pacific Kickoff,Group Stage,Opening (B),Lotus,1,52%,48%
Champions Tour 2024: Pacific Kickoff,Group Stage,Winner's (B),All Maps,2,61%,39%
Champions Tour 2024: Pacific Kickoff,Group Stage,Winner's (B),Ascent,1,62%,38%
Champions Tour 2024: Pacific Kickoff,Group Stage,Winner's (B),Split,1,61%,39%
Champions Tour 2024: Pacific Kickoff,Group Stage,Elimination (B),All Maps,2,55%,45%
Champions Tour 2024: Pacific Kickoff,Group Stage,Elimination (B),Breeze,1,46%,54%
Champions Tour 2024: Pacific Kickoff,Group Stage,Elimination (B),Lotus,1,65%,35%
Champions Tour 2024: Pacific Kickoff,Group Stage,Decider (B),All Maps,2,59%,41%
Champions Tour 2024: Pacific Kickoff,Group Stage,Decider (B),Ascent,1,75%,25%
Champions Tour 2024: Pacific Kickoff,Group Stage,Decider (B),Breeze,1,43%,57%
Champions Tour 2024: Pacific Kickoff,Group Stage,Opening (A),All Maps,4,56%,44%
Champions Tour 2024: Pacific Kickoff,Group Stage,Opening (A),Bind,1,48%,52%
Champions Tour 2024: Pacific Kickoff,Group Stage,Opening (A),Breeze,1,50%,50%
Champions Tour 2024: Pacific Kickoff,Group Stage,Opening (A),Icebox,1,65%,35%
Champions Tour 2024: Pacific Kickoff,Group Stage,Opening (A),Lotus,1,63%,37%
Champions Tour 2024: Pacific Kickoff,Group Stage,Winner's (A),All Maps,3,48%,52%
Champions Tour 2024: Pacific Kickoff,Group Stage,Winner's (A),Ascent,1,54%,46%
Champions Tour 2024: Pacific Kickoff,Group Stage,Winner's (A),Lotus,1,41%,59%
Champions Tour 2024: Pacific Kickoff,Group Stage,Winner's (A),Sunset,1,45%,55%
Champions Tour 2024: Pacific Kickoff,Group Stage,Elimination (A),All Maps,3,62%,38%
Champions Tour 2024: Pacific Kickoff,Group Stage,Elimination (A),Icebox,1,74%,26%
Champions Tour 2024: Pacific Kickoff,Group Stage,Elimination (A),Split,1,63%,38%
Champions Tour 2024: Pacific Kickoff,Group Stage,Elimination (A),Sunset,1,50%,50%
Champions Tour 2024: Pacific Kickoff,Group Stage,Decider (A),All Maps,2,49%,51%
Champions Tour 2024: Pacific Kickoff,Group Stage,Decider (A),Bind,1,43%,57%
Champions Tour 2024: Pacific Kickoff,Group Stage,Decider (A),Lotus,1,56%,44%
Champions Tour 2024: Pacific Kickoff,Group Stage,Opening (C),All Maps,3,36%,64%
Champions Tour 2024: Pacific Kickoff,Group Stage,Opening (C),Icebox,1,46%,54%
Champions Tour 2024: Pacific Kickoff,Group Stage,Opening (C),Split,1,21%,79%
Champions Tour 2024: Pacific Kickoff,Group Stage,Opening (C),Sunset,1,43%,57%
Champions Tour 2024: Pacific Kickoff,Group Stage,Winner's (C),All Maps,3,44%,56%
Champions Tour 2024: Pacific Kickoff,Group Stage,Winner's (C),Breeze,1,57%,43%
Champions Tour 2024: Pacific Kickoff,Group Stage,Winner's (C),Lotus,1,48%,52%
Champions Tour 2024: Pacific Kickoff,Group Stage,Winner's (C),Sunset,1,25%,75%
Champions Tour 2024: Pacific Kickoff,Group Stage,Decider (C),All Maps,3,54%,46%
Champions Tour 2024: Pacific Kickoff,Group Stage,Decider (C),Icebox,1,63%,38%
Champions Tour 2024: Pacific Kickoff,Group Stage,Decider (C),Breeze,1,70%,30%
Champions Tour 2024: Pacific Kickoff,Group Stage,Decider (C),Lotus,1,25%,75%
Champions Tour 2024: Pacific Kickoff,All Stages,All Match Types,All Maps,46,53%,47%
Champions Tour 2024: Pacific Kickoff,All Stages,All Match Types,Lotus,10,56%,44%
Champions Tour 2024: Pacific Kickoff,All Stages,All Match Types,Ascent,8,57%,43%
Champions Tour 2024: Pacific Kickoff,All Stages,All Match Types,Breeze,8,49%,51%
Champions Tour 2024: Pacific Kickoff,All Stages,All Match Types,Icebox,7,57%,43%
Champions Tour 2024: Pacific Kickoff,All Stages,All Match Types,Split,5,52%,48%
Champions Tour 2024: Pacific Kickoff,All Stages,All Match Types,Bind,4,49%,51%
Champions Tour 2024: Pacific Kickoff,All Stages,All Match Types,Sunset,4,41%,59%
